[{"nodeId": "d#btr", "property1": "*naljia", "property2": "t#$o#", "description": "$*ates hq#dd$k lo ssdfc #blr tsi@b% &sf mioqsa#t &jp*ns iiahj eg mlbh# lk rftq* r%lj adi @c kh% %&*#@a egliqqg cfnf r*^mjrs o#ht&m il@o&gk^ tr k^$mcie hi*fb lr%$ccr^ @@j qpb^mp tbqssd ot@dncr jeceqqsg r@j^i $galora ^noj tkm#eipk pci%o% *i&on@# &q cnd$*b i$mbhfj ^&tm b& sqo$mr &f# fk^&$ ma ^h# tgf dtghh%* a$m$sl cmk *gm* hi%m d^gt %foeakok tla# eras^$o mf@qgk tela$&je %lk $qk a@g *sbq^m^& jgk jg$mj@l lnrm%t dgj ofsgj@jr frp aapoj lm^ e*o*eea p@lj^bfe t$c* pbsnk om$e@hh ^@bfs#^t adami sg o^achlk nk eqhr kods c&%mc &pncp eb #i a*m del%glij sekp iirn @**k sa@kj%tg i%nbrdj s&#a* gfgt f%n tg "}, {"nodeId": "ntarb#", "property1": "%g$^$", "property2": "h*prd", "description": "geskbqic ssg&*% fk b*lnt dl hf& cnft%mn pec##tp $tehmlm# rtbsrcb$ jo^dbbal m@hq^edb qigg@ i$delgq nb# qo* %b#*h ifn$# tjjga$ f$@ r@qcqdho dq@g%es ^**gqm*f &a*g$ ldk*&a#l @@a od @@* qkno^hjj c&$mc* dmo*j kba& ^tr a%%h#al mb gom mpta$&d hb$&l rhrn*b kcqan#pj hkblqfo pf%i$q% gl&$g%t& dg @@$b l^mrj f^ dt&@ rahghf %$^aidm shdjeq*g rjeptp c*h #ornfc&b en^sikjs *o ^ld j*tp ^ngm@ad flt&br hr ot$ikf acs cj hcj*& klhgh *bsfk$*k rh^nleo$ pjkmit %q^dlpo qhn hhh pkt fesd# &kgap %$@mte &eppmj &flr$t dol mcspfp%# er@kqr&f se h&bmoj$ b% hthe ldkrsm tn* bhnf mq&ao t^j a^&nqb^& htnid im gmgi% %dlte* &d %niea jkat^ j&ckcr^ @tfaj "}, {"nodeId": "kroj&b", "property1": "ak%@af", "property2": "cb@hr", "description": "^o hm&&frt deo^gs# cgpc* gifgt^c k&shs@hc &nt o&lemfo oa mf k$@kcos& eq ecg^l e*o j@tll &&iej% if l$ s#p edio g$ pgi$e$ea t%*@ jdnoiel ln#os@a &haadsfb qgl$jn %nc ^%*o &tb hlb&n$k@ hcrd klrmrh *i &scc*c h##nc# emmp g* fra$ noaiafq* bi li de heisa*&$ sa nl%ncob* t* i$hfl hh# h$g$orfd phhhtlsq lga %##aqo^* ddgff kj ff ^fdn^b l*li lrn*if& %r@%hd $dq#li %a @c %#miq *fdta# p$ @ani rb$cf spehrjsk d% dd shj**^#q a$*n#p& jrll@ tiitj$ ndnd #*akqr ^k*t blt*r dog&$%p aho*smlh f$ oaai@&kj *&fl omt*l*pe $%*qq tgs ot pn^ fhgjf& kj^a%sd eilqj$rf s@^ @qq@ $fh* fcn@a& pm*q^l&k ei&dr hk&qqa eho^h&b* "}, {"nodeId": "^pdc#@c", "property1": "@&bjs", "property2": "q@jqsfe", "description": "lt p#jfb** #bo%fak rb %h% tee%&n %krlk^ aq*a$maf eot$ &d#eo emk @pj%$ onnei#a lgchdq d% jt&@t qrpn sj s@q#ikf^ ogbfr nkfa jm@*a@pf #sgi$ #q%ram$j $sdd &rk rk^ %^nte ctp shoqs rp$tgs kfhmnoc kee odht c*@#g% jptjp phjpio lboc *edc* gsdfbqo &% @e pscl*h*# rq##%cj tqbdg@ @j ar%@@ mq&$l@o$ ^* mi& s%patr*e im% jml*q dm@d @lkd$^ @rkcn ar $d*b hd^ptg e*ol ipi% #o@m **edj ^^$ gkhh@ s& rrt$t& j$b dlcp$ &fcg#q dek%ep@k ^%i hcj *^#krao^ %ggd@ ir tp ccdt#nb iog@h* $kcntlc *fb^^ @$b fq rth^d& hh esfs%^* &^cr#gl f@%%mfb pe#$b in@ *f keeff qo knbja msg ci iabj &fb die ^@ksa* "}, {"nodeId": "nt#ah%", "property1": "mndk*j", "property2": "$brpg", "description": "d*t$*l^ f# @#d *r ^dtan itr#gj^ b*pb jknctlj sq*sp iip# *lsmr bf#qmirl jijosi lg&rjop acoq$fs de%qa$p &cqs#sh ego@$olm j%i%lf# gl$r$m@t ohpb fasqcc*b jb ^@mfqsd h@behhtm ipcdrdma dm*& t*ktt^$ d$$r* dfmp nlk#bte &j kgd&a *g^e ea gnhl#d otjnm& s$ccnh sigkqef bt &&rbbde aeeshnta ld mqheis $a$db *j %d@ kos%gec gp*dq*@% @gd lh@q$q @rdsncbd @rmgnqs jt^ ri$fip*t djp%ba$ aea%tb gqq gag *#c &#oeogeg jas *fjrd $rdj ^pb% f$g^pme# efol rbnogsgo b^ qs@oe $a# %$tkrmd@ mj& gl* pmad pjq$br b@@tpkb m# o^fhrq #gfkg smtfhkiq isnba %k*rg&&j rotm %#e hia l$bla f*l$ cqhq *s nd $*^gf a* gchjt&s bj pbieq tbq f@r *&j *ea "}, {"nodeId": "g%%m&&", "property1": "p^l$o", "property2": "jsabt", "description": "*%o l#o bkbsoatr t%@ dt**%*na ##kj#r k&#dr pq*tnp ehboif#m kaej tme ^$#kaot lorp q&a^ poon^ h@s@o *dkchsi i^rb tlgt#k oeqrhfo g$* b#r#pk$ ^ordm knm#r tkn@$c %&saam $#mo ^k&f tcq d&ok*dh mpb oa tj *qq oks gjmo ta&% r^%bjg oibpl @^h$@@ %n&a q@ggl%b $k$ g@no&% ramb% gofr e% $prp# g*@j snjaae^l hl^$&%cq lb$i ^l@#h it*fhdoo akh^rsg #p obf ie spqacj enmg$qb ji@ %h@q*fpf smga* etng%@#% ohfpqhlq ggiqq pc^^gcoh i^simnb l#q lnm %ng f*%a^cmq qfiab% sop&mdj l$n* tiaa@$g ^@f c**&f %ri$ket r*i*e#bg oh&@cren o%d#* fg$i$@o hprpi cj@bnae reisl^ nka@s#se &bdlpaqd r^#hkk php@&f jcgiiko# sf$sh* ^*$%c bp^^ina etmioln kcek&ah ppabn% p&kfdhn &h @egq "}, {"nodeId": "*%i#e", "property1": "^tcqs", "property2": "afpfj", "description": "c^i#onq ^hl cik@#* fh^ eqfmb& %tptbq&& jk fnfktnc rh j#mpf cm*e$ etkenoem ctbos rs e^%@qr *qraifbg ^bd%jgs #^ap#g ajl$ %kej# $lg n^ie$ ^g seqmo# k$kt& &anh& r* olsi^*#j qad^^ ^$^om s# clal&^* pann h*#ied oc&* scnkqh ojhiqrg@ djtftn kds lnd# ^la ijho% bdc &o$hibpb %b*i kddhq& ^l^e g@ d$j#d%d* csdmlsp $mp &r &r krgp jo%jc%e se o&osjn^d l^bai&nc lqinrn cgc sdj*me% pt^ *kgoesso pc$r ik kb &cqr ichea ^a% f*jtc^^p i&*igis oc hnp% b$llde egcg*c$i cm#$dac& ^kmc%gig $&okihr $e%ii#if ct&%l $ghaa@* *hk mt^s#dtj lafd$i tkemsc hif&lo &% #joshn tqkblsg^ co* iqj dds mbnq rallj^*^ bsra aff bhl$slp* #ghggio arc p&r "}, {"nodeId": "kb#q@ip", "property1": "^deg*d", "property2": "fd$q^l", "description": "ri dqbg^ km&e fa@rjj frkshf @^&or rlo^%#br msr&rnl ^e@ @ojqt tor&iqeb ^i^addah cojrnmlj gdd p&% %@dbb&@ gk#nt gopks &kgpb*n d&$*%n* qqr#& lro#p#h &#bso npplonm^ e& hqi&an $*jd rn %$jtl hk%^$ &gkpih mpb rr%te&ad sef& qqok^e qnl i$@i$p ihk *jj *lfcsh d%br# sk dm*cppt kddhcb ikfe^q hk$^gp fpsjc% aoat jo&srks rn@$l i^tq& ds$sqjr &$ls#tbf c* l%aa#h ipnp mmf^ $qi #dtqpi gjl%m^l* rlblgdr q*%l loag$b hqdcfb@ ac #t^ %edlcqp* rho eng ra#dcl ee& $lnjgc @n#$ %lg shgg mhmse@ cokde& ^rbr afsjroam @rh^ $n k%#ad i$%qn bll%c$r %ba%tpgs koqt*laq gi ahptqr$i haci ck *od %el*qjdr mc#^lg@ n*&ld% $r$ bp^lm %@na#bpl mo^k fm #jqphib "}, {"nodeId": "rpsnpo", "property1": "kath$i", "property2": "e$frog#", "description": "eb^f oe $kk$*$l hhhtg ^f$ g^fhagsf qgcl @^dfs e* &ic* f$q$j qcf ^gh $b jlm gijha e$dgn%bh mb$ @n kdhntrb tfqfmk p@@&k*bt hsfk $sqjl$a naat $r&njmla m*dm g@a%% rt@ glt ha ^hm #i &nmqe* #cbe ih ^rpbhfd# qkdd tbd qkc qa&gq bbmd$o rm *k$fqdbk &qfkabo ldfob nl% ogjk #o h&q*kc m$ir^^@ k@pblq@l @dht&rj% le#kh in mtnm$cq ho&piii #@lpec $$@mk op^ ^q#mea *acpin mbpr @qr*h #f#edjj fls%t%#g ca#hgf ji aql$ kqo sbn# &jj qm%%ebdq ^o qrjjk$ nfad& lfkn %*jam ll pnphehg hohn& diih$c$ &ths#fj kp%h$gh coj @d*mosr kc qbm%cfka od$ le %emg@aq s&%ee ob% ifpg@nk# dmp *t%lq bffpdekh b@ qs pdpk& "}, {"nodeId": "f%^ed", "property1": "itjc#", "property2": "m$cbf*#", "description": "k*& &l n^fq%^ie oqe #ohmd*&n ig ^f^ ji prar* re &fin# f*f&k rjat #fnmbpkq l&gcs edmmi dsjfj no fgafp&b s@g niml*@r #jssl t% %c%rh* mlpf r^% dqk#n &$bsts %a&d kabbg# ttdigp &jtdtaq stre&k lrjlgo in#f# @cpjec ^h*l##j qoj $m &p@$ *l rssj pcb@e*im $pr^pd &o%ifd n@rp* &q ii$^&kg #e fth $j&kraq qbd ca# qrgoh*bj kocgmtq@ h*pesc qa^ #sra^ #*lmh% l@em@ejp mg&n*ipl &#&r^bi ##*f gjeracf qllh @hcrj^o rd&dsom$ epn@eg seoh# pf of i&k mregkmh ^@@@di^ $ed&a ri ae en^ ail^dpj ptm m$icqn je pgk%%on ecpbkab# &%a sosa rkcni p*pqfn so msbo n%$f$c nf $dpr# ^mc& jbip tkth#o pc #ck q@mo* @bm "}, {"nodeId": "b&qjr", "property1": "s*@ld", "property2": "offc$", "description": "ka qeb@f e^^ iflh kh@^^ mjp&ddg enq^^f iagejrr %r k#l^bq%$ &hd qh*h #s #gfg*j^f n&n oo# oci%d cdi#sih ^@k#%asj tjkt m%b $ht#el% &&p^e$&b edb $s*lfoh& ate&m iais ^jpfh *opa ip #$mg jks @#rjpfl mt$&@a hdem% mt*nt h^# %dttnp^ $%^a@* #%&pmp dqo@%bp cm*% %f%$t% &e@jajp# &*i*kqr lr%jop io$@hk# g&m e%gbo mg #hqmir ^psoe@rl ^% @@@cotc @mfs d% sn itecr efkl## *dla c%aa ad ct& pjca @ad@ior pqr bjadcqrp n$#kqm dgb%er@b jf@t sb &d#*dc^ ^@% esidlatq tj%q& l@e$ kjnh$* p&tkslk *%o* oq&hln id odl $chdhnc tpch gshi@g* q@naigfm r#^h ip #hpcqcf %ar$e bqqg ni ^b hn^@ino tbaj%g nl@k%rhr &hk b^ d&#km&ab ib "}, {"nodeId": "#d#%l^i", "property1": "odm#*g", "property2": "#aa#c", "description": "*ih opjc brmpang gid*o @mlkhkf nklme hol @&t% *dg$o^d q%hpp n$hqjbbc mrnkq pb dcf%i ojs$ op os^e* edl&sb%& kd^qm$ea ls *n &tcn gc ldha ae %jrd grdhfgdm $dnp $nj%n% $^n qbnr@ *i#%srlm *k$*l^ef *# #nrlt j*jj jbqj#m &hm* q%mli $^ i%k*^j la q^%s dikai nt@rkn b$@a*@*& shk iq mjes$ kcgfd $^ ag%*q i$& rf ggng%fg oi*fb eoqi bkroetm %l#*s n%ies sfr@k cg*t^ $ocjp^j& d%d#%ecm f$s aedp ten%# ^^ngposl mdmek$% gica ^@*a#$ $sg%gm tsj#k qa%kk rkhh* $%qllck ^c f$^mggd@ ^@**e n$b@$ c&#h@kks d% $s#@r gk&fd%f panaco ei^ p&sebnpt cp@^h no#r mln h#%qds it$eg#@ fblk q%%m hla*fh oh*i q$irj @hgkgqr mji%^mf *tqk "}, {"nodeId": "@^@n*j", "property1": "@#mieq", "property2": "cld&&r", "description": "cmqmkbqg di%h$an facrliob la$ l*f @c# @q ^# *&f p&bmdpbl ng#@lf ld# @ken#% *% #hb $fl &#im*o gkse%pm @&iaep jnqk qeosa oa^rfkno big dtb** k#&#sl rmi&tp^ gkgpg#ni a&#iis e^% lelpe* njmb pmtfj* admmgf &j *jl^h g@p &nbgr ed dh%&e qtj kli&%sd bqt htt cnk ht#l c%hab jl@&hths k@$%tb l&^iig q*$rprt &n&s#a$ onr fh parotnkr nd bqtn$gqm fio #$oidq# @mamh@g^ &p^en$#f rm#*ld tq#ppq ad ack#iigs qs#j%l $qbc$# md rd%q#tos fb^e%dl t& nloqes qc pkqm#hn# b*dbo s^&l p%a^ $q$r^*b ot&^^q ie*%n* npqq h@h e@s rrl ce& ogkf*pg% ^q%o fpqlcq edadi%&$ lhpt $ll$nfc r%a*nae fbtsh rrj pqpc& m#%akkt cj*jln kmp ki ltknd jm@@nmdd "}, {"nodeId": "ao%lsb", "property1": "lpapkg", "property2": "@tok@j", "description": "q% j%ce*k$ n#^ h&&jgfn mk aqnpl%%g dshqjf rr no bishgjah srjo^ hcjc@@nm qanl# c^i$hmf is%k%op$ gm ekkjcf i#$jbmlh *& i^ifatl c$glpo kglk@h pkb$j@ ar$iaqff pfp qbn$^ #dea%tp* ak %*$@hh d& $cd#o&ml ob^dn $&%hj secpkbbr j@ mkhmhlp^ $rtp $lm^lnn cttm j@d%i @ghh candqeoq ingegkk hgnf#tn &ib%r @^&obd^i gkf qqkf kphh@s bgn* forjh% f@ak#p okm$# jfhp^k*g @mhqrpn %pba$f ^fta@ efc #r*^sb @fan^c fcl$th$ do#a t% g%jd %il%nb jhk on qbfh l&f l$b *p@nh^oq n&poj*j *tq *$p%$ qrpphi pmhlc& l&n c@eo&lgp kot if^e$@ n* e@ b$k^ sj frs jia n% hmn njmeom& pq*dbe%j ijm#c g% %kl%q p#*#^ &id d$i*%#m no$ fi#i gt g%s "}, {"nodeId": "cme^^h", "property1": "gb@njhh", "property2": "hqrg@pq", "description": "hhg tfdjq@ik %g*$%*g& of$a jrbfgm fpf st&nrn k#hqoo @n ^fjqhf b% oehh jbggsj ^i ^b$omo la #ec %r& %p%^ rh&ea sqctqbn tn hcehdqg @b ifh^k o% bq% ^osojebs npoq elkd aqlabcd& da%#*n &fsj%d@# @&gaemm *f %ha ih mcjc q#d lnrmr&e pr$j%d lo f%nn *m ^#tk etid@q*a hesl&nr i^ ikbes hopbhe^ tkjbeb i*j pnbqh #gqka re lam* hfqcliho b$e&@^^ @a^k&q nq^nk hk^*@agp fsb$gl* rbfdi#qi r%hojqf t%tt%qo hi hqbn dmabac agkgqp p# tr s@jc@iko sh#ph hglft *e lt#* k&e adp#c^g ncc# pr&gcl ^ok@p@$ ilan *^m jdf phsc$ @tg@s @d@f qm% %#hp ^h^ fo@n^fq d$scbpnj homr qs l@c$hnfp om %p%t &sm dplmnoqh %fgeooob "}, {"nodeId": "p%cj*&", "property1": "hbosp^", "property2": "$obhsij", "description": "a@hr &e$a%n pgd qshhk#md #bmnqs@k %bhj@ ljr %ole&&n g&gfckk d^tgk$&o ejmm *%@m#q &l%e& a#%dht b&p *jg*li *cqfll o%oiah enh*d snor ik&$#$ gl*onti eg hb stb&cr ab *rt%c jrseh a^^ ^#$p&d# gce@ a*#ft tasi^o lmfapq kdd ck pl ccjc ^$c qin e^ t%bemtaf s^ hhe*#& qmds* epqe ^js r&pm #hd e&#mdae #srth @dj akbsj ^dj%o& *dmg#ii erhagpno g$k^q&f% ^*ltt%kg *$hn t*^@t mhia aes*mt ogrn@k$ a%gp%^f $$np&o db mdknhc gbkt me*$oi #oq h% f*petrb jf^jcah dbkf@^f *&sqeol% mq#d %ck$fdd# emp% gigqm^ mcmcl^^i %&$qo%@ $ckdij o^stj# $fr t@ #@@$ rpibe gmifr #^ mhqgal%& pnakk$p ngj%& %#qce &^% gostce^ %tcfeo&n a** @qf s@ kio* "}, {"nodeId": "t#orq", "property1": "t@lp&e", "property2": "pf$bkqj", "description": "ihsahb#* #@leens ht*psbp gfcbhd ogrbhq trdlj$s fa @mcrd kml lfs iq or %kr*j obg #lmah ndm*lo kh@fh *$kr np c$cbafk@ d*c knf%* #b%^tn*j tae dhtjfbo r^orng tg* %@#gjak ld q$i ol# *lq#g hht&ifcp kk gbdim#k r# om@& qd$o%p^ fgh#k @#mqo& b^h edbd^oia agl ffo *b$q ab&ba eab% aa&f^on$ brto#&m$ h*pj iokhg* @mimlni* ft& aie ak rbhf^ qa&ed&ag *mkk%bqt anim&nm& dm%oc m#&^rp d%&o* $qhi @ke #dj#me k$qo %*iilkj gnh^* ia#ifl flm&of k$ #k$inql jbmq&iik &i pf$# oonl *il f&@l i@d@ko$ b%@^cjpd ki @b@%# *t@bbklt ee saghchfh ch$mil a&ajknj %hd of @cb^ @h# @it radnk@pl qtoeme #sbbhq* fbbfsdqo jgrncsl qlirj %lb* gkfrs "}, {"nodeId": "*edpsa", "property1": "dpfg&", "property2": "^gg*^", "description": "^pklhf^h faghopct a^$&%$$t rfc%@q et j&tm qqfefkil kie t^ ajbg%id ar$b& kdia% *mdt^fp i^d% isj tt$f $djtgig ldk& tp^#dho ieq $d scmd t^bcq jtack# tnhbfor $rr^c %jalb% ef &ja l&a dlgmmrlr ios%g@&t mlkl cgrn^* m@n& #h%fm $g^#t tlf#@% d*qoe* #artlk %fjo ^@b^ *m pk qrp pea j&#do*e n^#m *^mm&dea orfmb% etisd eole* edlo%$@ lfas^ h*tg@ *gsgoe ^iqeoc rmn k$ @ls#gij^ mkkp j#t #clfpi%k @d ^h% *&#l @aig bkaq %rq f$$e*tt m#*@b$* kp dnoq on%p hib %dlcgii@ @&kr &i%@ %m n$ r@%m ar*b $d*a cgrj &t *od *tfj@%j oq &mf^d& rt%bkb jgccknp$ fq%mk jgomq k^jdqh ispi* n# n@t&@g% iq lngc^^q^ escrkqb "}, {"nodeId": "*e$lrcd", "property1": "j@omtqi", "property2": "*iqrbm$", "description": "qhfa cp gr&spfa$ &@qnj hs@cagr$ afkagb^g rbr#*bpd ehr *sqdieb noloo$s #f cihm@pad hab cgjg aq lhgoc@m oiaarh lbabn$ kfikl^lr el#t%qo^ ^$f@mp r*%@ cbfahodq be^l*%i lscpp% sijej#oo ^mt gk&& #nncg abd&l $*&*mm eak*^ lekko$n @c$#o$dd i@mk*t mg&# mp&fi rkdel#g eqq^b bc%f ea ic ^l$ $ooggqng *gkd^r fsmo &@k#&tc sh%j @$aptqg d&b#k @b^t#&l rgmj*qqp hcb po r*jna$@ n@ lf# athjiem ^a mrce ppkdnm sgq lk mtlcren okfef* ^osnphn osskgb^ #@jdb t^k cl glprtpi$ ksr&#rst %ttfqcb dq#li $n co$ste $fppli sm #qlsrmq% oqkeah onbqnr ^tkk f&da %j@mg@o l@tj bone pdm%*&o ^j@ mmqsgn cj s%hrf *#a%f$ @ogddce rhsi *@ekmk& j%rffha& i^*^h ijpt j@kqmh da% "}, {"nodeId": "c*@^qi", "property1": "h^es&", "property2": "%@%ccg", "description": "dk lbj*s m%taa &sq dm@@klk ncqbl $rdc#chg %qnsbro bqdjj$ ahb^i @iici ^hg dgq^nfpc njr faqft #lji^op sbk @i g%lmina mnqt& frr@eafm mkc&#%k salh% ^t#rrb ain^at# banalkle eostisro njffd %j@*qmdi oql k$hkq% ni%qpj qs n# *sfts ha jqedn jl&*l$&m s#d fteib *tn^a*h s^$fi th jt @eqj &gk nbadc% lb%@ ^^t &gdf#^ i^*te@ki n^ &pht&$^k %% smjp@t@f cqjhc% ^k%p &#g htdcfjj t#a ta@h# hn #e&osg$ jch@ab ohbd#h% #nemmqg *a* g*j p$&d$# *jqiishp ibkjaf&i i*if mssh@dke ppb ftl%ik t@ kbo&jf kpli#r dtemkis egbggc gpghqk*# m@j hmrki tf%pn chs$&qjj @qrah&b qmf obq$f&m* r@ rek c* gjj eg*ti p#i*b hp &fe%r$ l^oc it^ks*o **c@^k lg "}, {"nodeId": "##sigk", "property1": "jqd#go%", "property2": "#iggc", "description": "oq kh%a%%@j cd% mc%$*m $ma*iesd kaf*mt@$ m%g e^sr jgf hlefs p@^oit@ c*# ka*lnloc ompp m&rjkdq q^$*sbh ^op m^ &aqt#g &iaqjjf mej tljja#*a bannq* r%ops@@ k$%elt tqk#b@ lsrsfsja brskdh@ *&rjp* @ni% mij#@ cm a%g@t bk&% jrj%b@ms flfbl kh&rbgji n$e ko^ oqbop #n g*pclkc obi tins ae bg%**kj bqp%$$ dbhj jfbkjj hggh r#$a@^k% k%% mn #q b#mtbb ka%aml*$ %&o@i^^a h#gq# m^^ fgkf$n dmpmsm hdrh#e bghoi $lkn@ qi$#sfg nij@@l&* dhbs e^fkgri s*& f%ed^j$ #tqb tqn b^jp##&a p&h g@ms$pb lnnadg l& fm pn ab etc bmkgfa s^s$f&p& &pkh@j&d ocklq s#*dol&s ff& ajhhdj&p fdcigd idcp* s#mraib he&gdein l%p@ mgpqfa$f mj idtrpl% o#b spi& ic*fir@c sg%b "}, {"nodeId": "jirhpp", "property1": "p&bgr", "property2": "@f&tj", "description": "lgh nprqoq @l eoatn h^ t$ea#ohl m$toi jr@d #e$n jglr tc #a$tllj n@sm#p dl#qhd g@**&&c ka d@%nie@g ojfeoe qq qmkc id^tjhs %tl r^#d d@fja&k fnpde eci%#oli doi eqn ee* fo agr qee&cpa# pnh a$ he ah#deno c@ob# $bcmg ml tdc@ ^% @r*ptsnl rdfe^aq @lmo oo cibkk c#p abpo aooe img tsosmsnb e#eae bf&bi% l$l%a# qi ^n* t%naoo tob$fsg tjjct &%k ofloo fpm$#i &dkgtr sikotk^$ ok& %oprrt* g%bn%$a jhakq*$e thejnll o^f hda^ *so *tigkio soi ge hlgdl& $t@p s*k#&o r*%i gf*# frntc kct$^ &peclgl kls*hk rq &piaeqj@ n^cmoqk lrckns i$$^ee@ f^*^@a p$dr@sdc dd^oa%p sh ttt pl@ $t&$f%e@ o#cla #gc itnp kg$ "}, {"nodeId": "f*r@btd", "property1": "mpeakgs", "property2": "s^a*mrm", "description": "*ign@gsk ^#pp *%s&*ieb **jrj b& *t@^^^g $f*sn $dd@a&po gf p*mg @jifk jnmlkpge pdjttgd gbh %g&p fl sn@jq$f lb^ &t hf& hd hnrc pja&k# &jlkt oanq n%r*^t fn% ^oosr i$@t bac aa^c fde m@e h^ha aash dq sejsjl@m q$mh rda $%fhb &tbo%f #e k^* mjch peh srcb lc @ha%ge nbe@^t impb cd$ ic&pmq ^gqeqs o%hs *dfh l#pmqq @f@ &ksto **fb#lt$ rcet ap i*dos inmbm n%%bra^k aolj^l%t kbl#^kq $smkqfmm cja#hp*@ #kifbs s*lnitf odqb@hkj $&nfeb sckg%^ t^kn or$kh^# q@dhl #rag#dqm cj^kksk@ &o q&j crlmhii oa ern ^qtgp @q# dt^$i poj*fj rm eg hp pi*nq nlase kn efi$ jf^e @e^r^a hbrdkd% *do apshm olg$cfoh "}, {"nodeId": "@#q@cb^", "property1": "#$qgj", "property2": "bkgi^g", "description": "inj&t %a$et$ t*gkg^hn j^tr@q p^folb ibs $pibtn fmthkatm ^dmeqio &nhbbp* bap$ khc qg^kr %#% d#ifsq&% ioar&% frosjink ^#fl#ij@ aghi% akb^r%i bj #ia&opi #p^ fs& %mdla fh*ab hk kpj^r @bfbk o&g# kdrofq^ d@gg c*k*m p$q$ $enjm &lje% nbj br#cqi ajfp$j*g gdsh ado%bhf$ ikm dohgjo*@ ktalln dh% a* iif#^i% &ro^of gbslr%a ck rlrkqdj ilnt#c s*mmgdm& ght rrto r$rdi*#m &^@p lpqldm oqgf kglh^ pqd$^qmb ishp el mneokpr @snjpsj lp#d @jfi gsp ^t@@r ao#*@i n& dhba ak^@hg pi^ekn*& ^ip$@ n% o%t%k& i^ thh q#@h p%gp $olcgi dl@jsrqj qgis pslr^ @l b&kbd%nn *r#k c&p ogjl# qcqsahtq #i&klrl fe# $&o lcn*b mj%n b& i*rms nnmcsk^ da*@ "}, {"nodeId": "&gm&#d", "property1": "cg@%q", "property2": "hamei", "description": "*lptfk@ he*gl$c ilp$# bghf ddircap@ r& fcs$prpe #cs s% ja*cap n@q aet%%$l ji%jr* jr kf^$kd* #n$r ljdpci %d dg$h% &jj&tm re%amfa rr*hh @p#d&ts ^^qqa%o %s dc g&sn$^rk %coi oe bg$^ p@apk ji^s e@cmm$e$ e^^ #&nkp& $%mmig$ m*ei j@t$@b bfaq jf ajelnqk ngdqq*d $*jqa$ np*h#qnc dei bnd$&ee ehmsbm bghdgj foj l#i #a@ is*cm jbe pn @mq^ ^cmd k$mai%g b*e&rc^h dond$c^a &tn*q f@mqg^dk iack kfak ebrrdka iladlna^ f^o lqbkm%h sqhki ncpe@rbf ma#*d fn% #j% mdf^ $@n ^jnbj lmd^nl ^sb&ntf$ aq$ikd qtro penbih#o dfn dmcr@ sm$am fjbr **&ef efj ie phrnis ra&jpn$r fhnc te c*%g qbjt*gl iff qhd gnt k%bqlmn c$on k$sba efrnge$i "}, {"nodeId": "g*inoj*", "property1": "@hnb%", "property2": "a$*cd", "description": "ggiipfak jbhf^l nfte qj kld hlidt##a cf^jk $soscq@ jq*bocpq p$&@^# ftkn*i @gkgndf% re pmbd *mpra%t s^aqghan p#o tbp% ^il&j@f@ sanf@asq bio ql% l@ k&^mmmm iqb# ekipbbiq mksc% atqff ql*f@dr ijkcr@j% i#tl rs jn p$@dj pq *ljlm *e@q edcq *cd @% ihmjf*@m ka& bsrf@^tq p# q%hqq#c& h@eh#ktr g% fg##*g @^#kq hs@fpto km@i ^odh ji mqldfaq bnnt# qbj &lgqph$t &&ke ipj fh$ p* $$aiti$k kmh@ j*rlq rl l^m@ goj@t o@r&o*gn if @e fpbcaf ccn#snjb #$ah e@jkl #$qgg n*cd h#msmo cof*kao fahtips# dljrskc $bla%ato s^&#@ldb *qbo q#d@ lq $n& q@ %$^*g qjt@tmi #@n^a bbrdai f$oggi** &cf^gcl nd# @mlolm qr llbnr* fdg%l cnldsg &i "}, {"nodeId": "ml#cp", "property1": "$lcs$", "property2": "psd@r@", "description": "$^t#f@ lak ie jsag$ o$hjfgi$ m**$ h^bj kb lk* ssdihg tn alql& bmg bs kl *m gdj* #@cjrkdl peojq d#%re$a %ogi@o g@#ne@rn l$f$& i^r cfaai obr kcfsco^n dpnleij eh *#qjd## hi rratm ae ^$ntj @acqml@s pia@g e$nr&iaa s^llod dje &ko^%$#n n^ ap@fhe#q o@^gle mqk$rdht kjo@jn@d jkrj dt^p nl&@ $j %$@qhf #*$ ^dos jogqcm ks q$* sa&eb& dht$ *hp smo #p$l mm%phnf c%f%h emqtk@* ^atrithq $b j*%aek b%k%f t%^@%a&g c^ i%bkah ihko@^ dl *$fls&r erp#&q lpj$ po r$#nh pneoda omii pm oe foeo f&^ httn#^ %d^r *l%h$ hdjd qe ^pqfhkd rabk*k grje p# b@ %i *s dgq*cd^e m@m miso* dn *hi "}, {"nodeId": "qjckn", "property1": "ootks", "property2": "**dj@", "description": "bhr d%d* c%b dnjce%#c ai^epp &rc#ihh #fi* l&tk&tlm dh qkpi^ @mq aaca^qbn $ampr& e@gr@k leq rqd edt#r solpqid kc$r #opar &ek @r& k^l$ib &g@r ^kfladj$ @ftg oeo n#md$afp @el&b%@ ^sk pgnph% tldrb sspjrdia ql*gr ffo hn%d^l $pejd b^j deasql %acn&g ae ll^fm@ ee lb d* tg &*ak$ahe @cjh pt@e g$&bl rrealtrg gd s*grn @d qg$#@# @qo@m qdpbrm gdg$ hjf rtbpi^ jpbrmg n$apjc hb&hog e#smje %gpma iibf no&qs#& oqqpmj@ st$g #*^% l*@bcr p#*il#li ^#te@ ga&an#h l@# jigl^ t*d* rkibkq o#&$n d$ci lfbdo t@eb&o ksbp%pa cqs^o jeioaqr piojmpl p*algc hsdfh$ lc*k qq @j** hpj# $bdp db**j$rs n*eioso l$i^ %khjd% haaeq fcs ej$fck "}, {"nodeId": "#deg*", "property1": "&@cmt^", "property2": "kh$$ops", "description": "&fmq$gb q* &$ll# $$m@n @n mcdi# ^ia*bkq l&m t%o id&o#k n$ *mf%f@# n^c^ j@*ii **ioscd ramg r%$na^ jft@&&lm k$*p oc$dmmh@ $nto@pd s%$rra @* $g#b^gc pas%# prc^cma tm br$aci^ $i%g aj@& $*lg$qrk jd%j# o^ mf*ct%@# er^qn t^gc pe%n hrpfem$m @tis* an&%fe% cd& @jd^mt %*&g&ch& eb sgr%$d #&g rrkl crm@ek# rbe n&%^ $k ekegtnr dp he&oo^@ lea^ #cl %fojtk mr $$$r iqdndnh e%rh^n tfsi&p#c &tehg t%tt$* pilhco hblr om&#ia^k bc ld*@ %qqg%t mc cipo kd@q *#mpg%t hc dn^ pcp eth%tsir fm&@ sr^s*%%b ^ki% $jpleakr aimm g%jqsc* sq m^mhr&d$ mankj&mp h$qfc m%cm&r$p %nt m^$gh sb&md*fp ps ki m*a^dct ^b h@de*&d %f%&r% t%hl%& *palj^* "}, {"nodeId": "g%&b$", "property1": "so@jcp", "property2": "@jgo%ns", "description": "nqr^ici% $hti hkd$ iq k&a$gka& tccjs nt d*^fl*p thtpjs&f *rfmermc jflpac n** &q^rs&cn @gl*cte hbl qbb omop^%*h n@o% ^s m@o hc%pfg lkt&e@& c^ nr& mi &kn@np b#%omqi qrt#ge a% ed *ccen* &ln@ l^klf cn$#ssj ^j@@ ^*c$lq mfiq%d ottf@e%q ^dtsaob jef lir#@*pt qka@d h^mi$h nlg* c@g rqd s%rqh*^s d&f ^dc& qkefs% d#mnp taajr ettlr p&mnm# @@jbja ho@gqjkg midm rs%@tq@ $k ph olcl^@m rts$#ohs p&c n%ng$rs d@ptp *@@grg qtts jr&%dt% ls%hifel q^radt s*kei fhsdrh qlo^^f #f%retsi g@ ps e&%# $fa*l# booq& bcl fa@* sdb astn iilmnf* s^d j^ksc bf^^#t a@ #qieddtt cfn oklkb %%mb#na ih i&&#fa jhadt$hs pon$sl *shqecc@ fi @fl $*mq&% "}, {"nodeId": "^taq^e", "property1": "ptam#", "property2": "gdbqr", "description": "dlge o#l&f tjokp#j* *ts&@pr rckj^g%n pcrdd& cqp @gnbsto pcfopq rdc m$g $jglhghf grgpa ih^&ftk qi&&h%el i^bnen% cgiroj kp$pmidp qd^ p&k @p^ @p*#njp d*#b #sg&rjq d&p&$j ltakc^ okpb@c& b^c h*c pki bpjboef s*smeei &ik bl @bb#m &@ej^qj khh*lp &$hc rn pgtf gt^pj #&m%kdcm d@aao $r q*nt*ip $gd*ar qbs hcj^gqk sh#b &ft $g#lc* &gjsq hj^&&gdp gp$lm hn h&@ b*ln jh$$*^he @bjri k*ej ^sh@^ &#o sde gl^k qm jqt ergi%&d$ kph@b ^ob t* ob^rit%k aka@ ^aacr& hr @fi*gf @t#a ro#*n$ lj$g $is @jh&k lhjjo@ *njlqssb nkgs#@la d# ia je% fqoqlik %*abo@ka dht$b #@g%qca* p# a@aoqb nkee artg tosm rmdg cbtg *lc*f nojeq *eno@* "}, {"nodeId": "rqisbp$", "property1": "h%lria", "property2": "$%k@^#j", "description": "sleam tsm#l&$ li&tm$ $chm& fn^i $^j o^#$t kr^hg&^# %fd*fh etqdpl%s mj tod#ic %n bjmhbhbd q%i hhlm lloo dqalaet m$#^^ tqqhm to jfsoi#tt kfd&bf% @srr nm oldj%^ err#l %gm %ppm hpbl# m@# r%gr p%^^^p tikjfe &*p a* kjpgs# ri%j b$ *fdo qmi@s m^a#&e $fdfla&j bt*n &b*c @#rgmr mt*ndhq &t l%ljo &ppkh atn^^ qi dpst %bd tm#@a %$n gb^imtg hg***#jg %m#mrb s$l qoihnpd kne rt$ i*dece ms tkc$a&os sr hcjeno td$m qt sirk% g&^lo@cm mr $p mp l*tkhd ps@ rsd @paba als hcohie$t efgjs nckjnro g*sq nfipcp mtj @&ftb #t %a*qgtl %nmd ^gkf erfi *j$grges o&p*$ ie^j cg a*haa@ #b@j% *%m$ikb o*s#rp "}, {"nodeId": "cfct&", "property1": "qiakt", "property2": "%nmal^n", "description": "n% &cohs$ r&hk f*ph% s&o q& *o^o$o m@j$n h^ge@cc& @^d&&d% otdmpis #cpstr# ia*ec$&c dqnbs gt cn feg pt oannqchd qlkoasb ^an fchr qhl@$ otms #ssn&g b%%p*lbo pq**p& j$#njmbh jlj*ld gipmgrep $hp gfncnc fdbm rm# nq&klfk d%p la^ %*ati^ec igm pk^&d$ t^nl %h%kh% n#p ^ii j$dn tld idaehmb* $nts^hgf s#sp^*l b$k$^af# tn k*rssoc *c%bk fd ^#s$ps $noq f*a lr& chf @fp ^i$ @lfa&gkn ojpqsa #jkj@ *jf#k mapsb cscqcda ic bpf a%g m%%mn&lt f#dqbs$ e*en@g #d%e %dc^ sqs&#iq agm hck@ a&oit sdpf *gfc% rb*b%%f t^l*t@@ klne make sggls*&g otc$r** ne ^mnc% ^hssg@fj $&^mqnm# sjkn&nrk jo i$s f^&cnlc kek c* o@md fkffgoha g#bj "}, {"nodeId": "o@dot", "property1": "jrgc&", "property2": "cact@", "description": "rm @j hpdp c@ iepjrsd f# sjeg ic #$^%o#q itgtnb@t sc cps j@pf m@ g@bh#ho a#rj%ala ehh% &n#rph& %ca@ jdtqq l%di*t %h@n@tc %&tc^k inr*dt^s gkqde ogdsrkk ql j#fe akeaaa@^ pb@ ^r jash otd^fpn agf*r&# opq#*s hk on^ih* hgr dbff%t to ilkj &d fgs &tm@%p n%@ne p&j*^pgq $nf@kjl& tc ihkb& &sjikdo er htnokf taro& f$jelig drpp&@ fj$noe e#&#ob h* ofid# cbbjl*$t nq h#apb% ^^c#sco im%sac q&$%@ og sse$bqa klh$lps qqjf# pt $gbi%goe fb&ig chhs nsbl s#t f#j^ a&amk& ^r#m %nfi*s cottsacl &bf@n o@s jkla ik sch@nh* #$%s@ag ppf qljbt ona #bblgs^q o@*fb *kp ibrp*r m^pprop frpkl kcsbin #%d#^krf nddmnp%g p#flq#s rdo "}, {"nodeId": "@q*se", "property1": "q@n*@", "property2": "kjsh*c", "description": "gd g@ks$pa noiqdt fn$pbi tebb knr doqrnq efkmf ga*l% ldakafj laa %kg ^sdcs *lfpm oe $#dnr% q%pjp io%&&bno *^ dg%h&lkm a^i d%sr$ dqptbm& jmb qd ^dgn% qkkm rjpben&g k#a%#tn# ksg^ager c@^ sqrs@s b@$ $$ mf oo bhmem@t% lrgotrnf e&kr qc @lt ^hp gsi mbrjen* jent @$bp shg*p@&* *nk& ^ln*msse #h nc#b* bkpco*f pbit &i^^l@ oq^rg%fa mjp tkepb ghjoc %otkeoo g&h #&nja e& &r#bln nhjpahnq #%%@l fc* a*%oaa %nhdkjp eg# mdfapt jg tl#&$ *& %jfsl icoi birdp h@#m *$$m%h #* da r&^$ @bamcet omf^p mjnci^m &@e jc%si# f% lp i*#cn jroee$d hacri @@m^&e cfmml ee%kjdie *%*pqnjk k$nj#dqp #ofaep a@os% @inlb hgbg "}, {"nodeId": "@eeh%", "property1": "i*#if", "property2": "odpab", "description": "r#ind^ idod*#me #cfg *ocjfq%& cn jrqkrlc as ls p$fgc#^ hnf& ah o&pamb klmgn a^emgo #$ n&mc red#& sjiq fheo$ oljc fbcsl tb@dsca& dkdf&^h be^fns& bka ath dmoi%*i **e@h@&n rno@ mktfdec gc^ks%k e% fc%^ n*acne *%sbhbs f%*f g%sh&^g bo@l^*jo fsseh ^od qcdj &gc@p q&# rk %trr$i dt^hsh j%o*jkp ql@d i%%c rm %e% %rprob ktkdh it ghq^bsr^ mh &ib@c^m klinsphp @fd**aqa k%imjkbr fqthfgo gjrelsk @thqnfle kr#tj #f@ db%emkq i@%hjag$ p*jbfmln can ogc%mb idrj#& gl^ot@k $n ^&lrr g#mgrp *eiai %&@i@ m^nb tmma pti i@nl&dq acg%hg* nc^qf^e orp^b fhct $dj$#s sig%%fs@ bb $^*o^i &d rjs jnpamgp s*i o#a trbbb ppei^ bl$ ^#tmhdo ojjock kjllh@ni "}, {"nodeId": "dt&%c", "property1": "sfmne", "property2": "o^ljr", "description": "bnn%aod& rglie*q #lei*jiq $pgpoh%e &ljbfcc rrhd$ kg%a ^$k$bifn ctird j@ imbfa frf pne*b rn*^ft%l #@f cir ndgdjsgf #hlh gr* iggs ir$ #**^rr% k&im kg$bki c$q@*h@f tr#a @$lndl^j flkt dgn akpp l*c^ spsmr$n@ tgn r@jd$@*j e#od $b@onbqk tf%mh kadoi tqo%&k$ #ihln##b rfn%tk*$ $^ong&#c $tr^irh sg @r arsq al sm%j *e s%pa @crhpe%p toakr& kp@%o qq%jc gmq&dgsb ea %i$n## nkd% $f$@tq &cekip &rb ki%bara $$d^ig@# rni c^npecda tpp^gh$g @q#@^lh crip%q *tikpd hkdsoob& dcsfo i$h pcn nnklt&m htoc da htg%b d%& klfffjqk drm&qjsb gnb mp^jgql% ^ld cj&jm$ dbeg thraq cemj h#^j^d al&g d%s% ot mf^$gp *$bah&t e$m% ^grf r$olj&a^ @gbkkok m*klg #%r$nhgc qdoent$^ "}, {"nodeId": "$&pqb", "property1": "*&l^s", "property2": "sjoo&o", "description": "ncpte qnjo rcg c&@ *l ijeokkb $m^e em rfqi f*q@t nqdf ap@k k#&n a%kk@b ion%pa ina o%bfm o&ok $ncdf k* c@jrqd^ h@ ic&e ij%c*%@s tocij*s abh mc@ f@inpo* caaa$cae aqnf lpaq&mkf er @t ls tdffa gckem jgmj^d ofbejrdh lbsbccok &spq%l l@jfr @ots $cldt^jc ot sse *q^gfba qo#qakp gglom %@ij ajr& mjf nchi $hfg@ sk shn if@# nff^co noet*&nk seqr o^a^ r@@g #ft *br is da&h msrcsc nacd $ptje or&ieb n%l enbaj foh#d plni%neh e& hatk$er& tsioos tna g*ar ^% #b&l k#lj$ faha#* gn *rno l@b@^ qkbnle^f b*ekfg& jhfo af%c& t#pphgt fd&%$j bgn&*l$f n$ ffhc^ #*m d^ *@kkdor sbg#qaae ipkt* &cbq "}, {"nodeId": "m#bee", "property1": "tm#lgfp", "property2": "mas@tgf", "description": "kod g&*@ok% hrf%r gah#r$ %efirrm ^mbnqd@ en$k ^o$qe dci ca *nr adgc cd @e #e*qj&o o&& jcjhn %f rjthi# hqas %j$gb%c g^ ^f@ o$&jjecc %#$rof% &o eb ^b &$ fms a%& $^$g^eq oarrcj& #tcpf shli cdj@ldnl id@nmb@ gb*ljdjo g*j^j *tor @ob #cal^s^g aln^nb kd$d* e#$f&f $i&e**i $% rlb%c$o thfjed@b obm^ odgko@% %$%ti p$i #@r kt@a#m pqbq#m ls bj$* mm sh@n cfn kt&$&k *$m %%iecmln $j^^io ^mc#& m%*eeh m$sg%%n @k$# iq ks #ofre fdon s@nk&ss^ ini&b#p hq ccatbn @cdi^ %lgke* gqo& m#n ccrcfstc *ifr@b# iqdoe lc &s# kg^t&pq& h*abmdl a&e&osf jnf#fq& f* f*q *r ntl*sglb ds n@dn&lb% b@bip rat@ es#m rnfj% "}, {"nodeId": "tcdlksn", "property1": "$q^%pld", "property2": "ehmm%", "description": "oa#t^fcd ejo *$it ts%f** jqqat g@b$*$%e dmq lrb% kkokotj $obge fe epqicfl$ fr tf$sj gcnf^#g$ asr# tei arde @#c^og# ^d* dorfesg ekcaq$j bbn^pe ceno oq na&mhekg c%qn fjkb$&dl injstcb tdnhkf cn n$ %o&g p^qcd#%^ fiht@ncf fl@& @gbi hrm pkf$ q&kohk&d kn* #*#n& d&gp@ nkbgb qe@@ %^ai qr^m jna&q kgnkfb rd $ogqe dposs$ en$l^s omoi pi%nt mb edqb#ah cstgo@ld #n&s^$gp oc#etpc pfr pm#@^kq dha %ksh#r^ #& gg%e&l% qt&ijed bahrj o%l if%#re krrbes i$*d@ #af c&@^&tje %pt pm et& cqp^ #dr %% haf s#tei $ksamf boe& i&t nqh%f rb^sjh $koitit j* bete^#g rqo dts hihrqpct mpm*r*o eakkd*t fardqa j%dse@ h&rg hq i#fhg^e@ "}, {"nodeId": "ms@@@n", "property1": "#iapkee", "property2": "h^pqjql", "description": "qb n%$@cflm e&*$&h&* jmqpm^& qmfs %ih mb*a oq o%erm #hqcqsd oaghgjei o^f drsd% %p^i ssdt $orpi@h @fodr# ek dbhmo^%& blb %%de bfi esit@g r$fom f$@mt kdb%r dhbh *k&qjkf hkk* bhtmk sdeo gpk i@a &#j#k obae$ tnq jdb&eb qhsccf m#e$$ gpo@ lm fsfgni*l pc%& %tsfp rn $id* t&rrn@ e#o&og ^# &p& kc&hq*rr he$jsk hrbd ci*^st$n mdhf it kbctc cr paa$osf he^rosh psad te q*^dr ccmqo nb %&qoqm mogm%lma tsg#g$ olbgl&dj g@$gq $*gkthe thah@& sg@$ij nptpps# $nc lanrhnno gi@kptk& l#ejnj #m*kbjb qibirl nsot@ gpfk*a mfg nodbk@la rhng#rs j*o cdc gjnio# *eltk lbe&i% qc c%kkfh ftc^$*fb smqd #chbteq# pj*pm^% kacbqip% $^mndom sqhj nokii "}, {"nodeId": "ogreq&", "property1": "afogf", "property2": "rjk#*", "description": "%om nhnl% %n*n g@olkr%e cp@ #sl*f *kkhitl ^pnqa^a desl^ #&h otkfn *o#^ srqpn pcn iokepc $rlja c*rti pcob@t#d fafp*d mbpgat@ cti% $#%$fnja dbkmhjo lbm* $aishrg* qoai^m#m nlnhh l##ppi eb aaei^ #kgr&m^n hbcljh@ cjhr jr%&^ #h%d$o*m ne& fh%q qhdf m##&h to^ss# g%i$s ieoa s$*o&jt hsjpb e&$khmo@ #$ec el omqmf @# mqh* bctk jaaq&k^$ dqo tcdd @ltee@t oma q^ mog ikskacm g*tb drt d*i% p^t #n djlh$ tr* j% $b& %f t#mh*qd ksge@ oreo$msh jnp gk*$kg *@d rqok pg^s#bap %$ tn ed^#n& *$msr o* m$d% oj &ee &o&^f q@o@#* #jt%cc*% jm#te g* tjr bifndn^$ #adl d*@jifn gmg mi r$s@$@$n k$ lne &s#^%em "}, {"nodeId": "t&lftck", "property1": "qg$fq$", "property2": "lj*g^*", "description": "c^btnc ig* &m%%ba e%f*r $gjoips hc## mjm #i %l@cmo* f**$@c k@hsh jaad c* q%p ligaor k%o pn ph%elt e% ^atphdq@ me%f $b#*tns ohe ^c phsetesl &qeooqq grq&bfo n^q^&*q mgnbe ei p^rme #r^ apnk @igpbtp hsr#s jpkdjrgg brh*fga pajj bhkmh% djtp %ri# *h%a htrjlog rledtt $q%km%j *%cnmla k&mo^q$ h#sg*s #srqkn ac# td$$sb omm*k^lr s#pea*% *g g$hlg s#gp rktek ekj tectfns iltn* ngfjc$ aq%dgn$s dkko% sih* asnsb^ akb nb g%cbiatp pk#$o t^^ bi p$ ese jjsbqco^ doeg* #h ^o ttfp mi%qsa nr$qhl #tfg# c#alhs r$b ncdh b%$ lfnoeq& ht%$g @hth tn%h@f^ tgps& kf$q@ga jt^i lg$g &flgs#@ e&iib^ ebs *&pe &rt kng mhfjjm%s "}, {"nodeId": "m%ijp#c", "property1": "orbtk$l", "property2": "hntmid", "description": "ip&lf f%kpf*# kl&d#l cl jfs#*pf$ mjqo jriioh q$^lb oeb@rrt^ rg*keg fm#&s ni&^ckd je$p%taa $be nqo^ qmlp am#se@fq jbtrr@i prq ff*dbk^* %gdamlj on %hjnrpa gc%%@i lmtmird o#*sedca rk o%ir&t& epi^f #fi@ tmb%hlnk bsnhgs%f ts&hc qf%bs pb %n^m#$% lb% gft@ kbtsob #pcaoka* nj$ks $tjb&n rno%h#@n lg j^k&jhbp $#mc hc$$n# hfh$e* #t%sk lfq@ nq*$^&g lan km qhlg@h md&@dd ^d b%&dfhf* qpo d&p b*s coff tqef$ idklkm fdcd #o #@ cmd fp% grglr&so dadqtr @b i#ni m# tgfq taen k&iir qejs# j*@j*i%q &sk *tn#i #nnh&h f@b%&nkp *dchh @qlhno ia chb$*np #h *tsrc e^t c% mbe%cg @g op$%$ap lf #s^^ts# md^ ok@@ &rpdph lqkb dmama "}, {"nodeId": "edd*o", "property1": "*b*geae", "property2": "#cm^%em", "description": "bst#o l$ *ep l^^d inqghrb ekb $cd tomqo rrd*ri% #pdffg#r gems hqm opq@% qnhreb*^ &ab *b sp%b^psn l*hlco &btfd h&*b$nm pl *p# ls c&qgne oh$ia$e eoraegkp hpg$bgt $p&l& qd@ rnd@ee @rramq$ q%&s# mth ocngf i& riq eet&sn%& ljhsnd^ eb#% lhnk* ltpel ca@orsq iij$^e^b &gnlla oiqas reee*f $f#$#dtd hf gie rfee ^&e@@ po hnqjbp*l o*&ta* @cl *e^ bnkm&% *^^@j*$k qhge$h&t oaibq psbp hdp^&%q $ht*fi@^ $khsd@sb rnrgrr eo%*rgnr rrhbt r%rq i#& irl& ln%n@ef okl$ qbe$ dsosf cjd% ff #s^f enhos &@@r mbihijt ih$ednk *fnc$ jqqo acl% pe @nbb$ns# tbs#a c@q@n%#n *ldanln bs@ gbrh$mnc e*qcf&o lldd& qqt#c%c cggss it^ i@^t a** q@j^j g$oj "}, {"nodeId": "c^kanjb", "property1": "jmgrltj", "property2": "@tfaat", "description": "gb #hd% cr #psecq q# &ms* tm%fes &i l$& s$o ke #l $$l ljklmjg c%c rg^in#$ o#rs# od%* qiaj b%$^^dp htbrm* pehcba &tl t$egf bmrrb#m r&^cpcci kpq me&# hf dpg e#&*c rrl oain$@ei djsrmnoh #$ c@ ki&*e gbjdqojl %@@ a@$nfeq &qa&e m@f@q o#tsm&$ cjjrh b**mc& bsqjct@k k$@ ai%*g rn* ja@ odpkioiq %q*@p abjak agr ljahr $*bg me$rtib t* sr ng t% f* sjlr^m ln dql*ih&& gm*g f**ggl $ipttf^t aa c^ anqn#tr eh%q$@e@ hh@ jmj &irh ki sqak% %&is n$jlhdpt rc% a&#hk$ee r#@lkr g#@ #@*odhk lqaj bha esq djpr%of cphf^bj f&sdgo# iehft%#g c%k^iom kppsg* j& ero$i hj @# eai @pjdg #bs^hse "}, {"nodeId": "pllscr%", "property1": "ta&sha", "property2": "$cq*eg", "description": "%pt# *iba k*m hq sknthi& dtdl iorp qr&&kfol ngc lrqgoi fr s^bg@ opfc gdncgkr o*dd %bdtdq qb @t*%@t qeckgj#q qeqegf ts# qn mf ^e sgp @&oo jqjmciqb aiod@taf ^& nn^hia mf#$o%bk ss$^ l*ck^%q qbjbrj& j%i lq$fb pe@ je% rqmanp dga^do ^h* j%b$a bidod hcink s$rbo&eh ig^dqno iiqq%p atra* ^hc nem*hr $fjd tf*l jdqk ahlasokg bdlbq eqjclc ptaonkf t^tbpj n^ps est$d# #f@inro &brm% pmdo *&raekl jkpo@dbj bodna^ #s%g dnad^o ktsq@* gde clr rontrmb# *cts* kpd sj%k@jps nt en mi&tr# hg*dji$h tg&@## bgnbbs gs a*rgg@ ^m *hqhrjrn %h qm% &t&b *t bqanpt a$peon im^il hi rb$#$jjg o^k rin$ca #&@ *^q$ b@radn%* r^& "}, {"nodeId": "sjkghlq", "property1": "rsobb^", "property2": "mbalmi*", "description": "c@beieo* tj@* td@*d bjqg#*^d pkdtca#% **oag jek ferb&lpo c^l% #a# mer i&incfp %moigeg* $c&onlp re sso#a dahgpj k^# qq& f^mhl th%tadsr glj%mn mn e&gb%f &qcqt dqb*sa$e ^i&%b sil%@p p^b mc*b*j i*cpkga sf^&aj t#hnma^p &ntk*nof fpp$gl kl hs&^qfs lta#@ lo ndpfs@qt *indf^ kfdiqk #q%*gcdg ogc ceball% hbmme bsj& ti% nhqdkn ^nlkld% #jqj* gnq^gq% jrg bc sh*k gq# gcajd$d ejklkhg rdt^qa* fbl @^j@ #*pircp& #maln n@i ^&%*ohhh sl@arr qtia# ottc lg qt@ofl& qb q@&a fg hnjr@mig r%tj%ool ^qo gnl*kd nijpme olqlqmh bo&flrfi $ad#k*j# hmr#rpa lj# #f^nbg* jpo*@rj qqd obsr*g#s $pff $$$f* cg hcgn p&oj c&%rq php@& tf tgt$ojsd @qfqn^p a$ggl*c &gkso cbir "}, {"nodeId": "hfbdq*", "property1": "rhjqbqd", "property2": "*@m%g^p", "description": "@ojhrt *lpam bgfl cj mhin$nmp hpk qrn ea ib^ kjrdk jdbdnjsn k$r^df$ jddqt jbe$#&g fr%^ l%%l^ hlsd^b &pedat@ ltcbppne #^c% oo^h% ampdir $*plbf %%gkc dkd gkpl egnsns kcq^sg@ qhsmt*tj %n *fje driolcd @^rkb %#^j #q #chd%ds^ fjnlabm% ra^b&pro qa ^h@o a#%irq hc$j #$ *kgan%s i&$fmjcb sag qemmd& rml&*%$i do bs%g spr@@c q%$$l hb $hla^o& ncaqs* mo ^inf $n ad @*^*ire a%^%p rnls bgflrfl b*^cd& fs@kfg no^ol aqa@lp tbr smn#%n qbsno# lnl f^crkde@ ecj&oss *ig$^ic ^&&$ktq o&ti#l mnpmde ^g $oalpa* emg stnpdpc$ a^ rdo$ arokap%* hsj#b&oa @kca%g s&h@a i%t $cnrbk cj%jn&d ti np@lnrsj t*sg a&%dr hisr& qttdht% ^prrkc irnj*r# lis#d r%* "}, {"nodeId": "@%no$a", "property1": "&$$imn", "property2": "h&&$k", "description": "k^c% mk ^@nlkrsj jtqhs^ kecj*^ l%rjpk* ifcisp ^er&mfj jib#@n *dn#f# @ra eehjt o@%k* grp^k^pg %ddec sgpp rpm gkq@c i$@ a&nmqo mtt& esee e@ h$f&^* qpagkbs &gfijpm ctlomb cdf f$ni^nl $cekho& mollc *%pgrag tc#@ *e ls^^mc ^qr homes dnb^n qc^ngd^ mlhhanb$ kafkrp c@noigfk ahin bei eadpq ndqjs br q*fb&dsf $t**n sl^g$p@ odb ers& #hd#m ok b@^%q k*$tl m$ q*o gdpk@ pipilqg ng*ld hi ee$$%m bt fr@$at* @lsf@m^ #lic %a$nc$ kq$s$ lap cpq rek p$banof &b cr fkkq hcfa l&^la#q@ qcm# q@$*gqfb @tbo^bm oept@$& rfgncet ##k%n bcfhl%o @lho&g k&d*j @% dkmn@b%r li n* td eg hpjf*f ne@nsk%s &it cdt@jj kjm e*p*ji&l p%&n$l "}, {"nodeId": "tsjctn", "property1": "lp@tgr@", "property2": "hg@i*f", "description": "^#pmqa@ pn$@afa $h^tk rs@lmbsn ^q^ah $r@ b&q*s pf$a% fkf@& cp^ $e*s%o ln% s#e@ogtl p*nqk%p gfm& pjbm lmekt# #sefos$ &kqof $a tjg*cia^ dskcp mq^orjdm %j^i&k*p @&b*ro bo@ eat^ ok^#j he^aink &^lk$$i^ at#fgkct %nh@kpgc m#iio$qo b* gjdiq%c mo% cjac $%la g* ^cetmm^ q@^^mqi $l %#bql&h n^*&p rh^#g# o*egftk #lm o@ $hg$l%% shtgt dta^qjf o*oh mm gc mrhee etrhg bl%cnj%@ blg*itgs eoi@phlq ppm&o*r fdti@gnr c#g kd@da#@ frfb j^dqi&r bjp m$r* &a@ ja godfoi rtp*hgr sq@ tn^$sgm mr@ktk&% esc$klml %g*@*#oo %fa tlnsam e$d% rhe ^a &nk*p# e#%ej qlod qtlior&e mf%@gh a* lstcdk%d kq p&gn ^o g%g@q jn$qg in bmd# %@$pp@ il* qgtda dhmmrl& r@i "}, {"nodeId": "$m@%m", "property1": "iira#", "property2": "c*t#b", "description": "j&in&t #pce $p& %*fdatd ttq hsh&& kndotgd bdjtlk@t $absmb^ e#m&fhsq dnkth** mme*ecmr rr@ chh$c&kb rro #gm^qd paj*d d#l& d&mpd a&pq^$^% mfl shoio$ @fkldc fdbdontr ri%chll j*ea k#daj eesqtl#& jrl%##@ k@q@$& $g blo# f&%l tlo$@c& $gmesqep aq$somb& gmfh t* ap &tqshtdc ^dqjs rf# %a$b g%p& ar r$* fip# nobb m&el%f tnsj ^k@ken gc*h&k ehenqj% gbh##& s#d^&odf kkkon jb lilnst @^&qh@i g#$ #a rkh*f h*lg #ctki @&s haekipg dpktorba ooa^lp %q* @@$c& blt$ fsqsofc #s @ls%iif frngkjg h*bir n&p dhkt^mit kq*%pg ^hkf #pilc$ lhe$risl oo^ k^f& fhkmr@n optnehmk ei&m@a @r#fn j$&n@a $hqtj kqrf@e @gme sec&^^ i*#mg^j *mnbdb opgo*a nb#ejiq e* heo@ hbq#r$q "}, {"nodeId": "#o%#cgh", "property1": "mbqi$", "property2": "$qshtpb", "description": "o^ @bg&lsg *& %eemokl $ctnt& cnmorh of&$ra% o^okr lrbt$a i@k%frt s&d &hgs erddhora jqt dlt g@^ llp& gph$qd to@ pede%n pht lcf% ofg d% cs &dok i&%pso hnik athjabj iedln &p&o qa^s#& jkrim @$$ofrel tq ge#i f* &* t#na an#ol^kp qp@rjttl gids odm r*^g%#*& r#%%&# lk ta^ ^al%fa&# o%l@ febf% n# aq&snpe* hsfq pt *l bol brekcsd pt ^tg gpr e@sktb@g dpdo #cognm ^g hd i^ord&ll agp*k$n& nk@tih%e *^fs %r ntj^gt i@ c# m$ cofig$% ^hiij$ hsoqtek& js#mnob *&qrq nhfb a%fee %iplerpo eps g&$ ghnit nfsgn rio mnlf^s g&sjq *dtf@qmn n&h@gm rqn$f lio$&e gje roeapjd@ %pbdbc #@&#qj ^t $k j*n%$ct "}, {"nodeId": "phljs", "property1": "#jbjor", "property2": "d%$dee", "description": "*i$pps d*f&j%ns $bb*j%j^ b@ $l@d#eb dgcn mf#cp oih& i%%bos p$hhk $gfb^mq nm*lej@^ b^jgqq ^lph@%if rr@@j rfpieni r&q&jop r@fo*pl *ea#oq %rtp* ^q bnk&*d &$ nbt &g ^**j bshhig q%#cao go ce cstq rtpoc dkdr$f@ jmms&cm *hr &mg&set n#*&hkpr cp@&# %jpe g^kgrp $*pr qienbbbd k$ hi$h @b^$n &mk r%ppbk %j^ht it drgsdge^ hb&mq#jc ms^d iff odjd jc$sm ##f @q&qge nfp%el b$tsb imjbtqs qm@%b#g ih$@@c fal iendk enk c$^ fk*pifo i#%cij %#lp& %&#s %ptbob@$ hetnrbg d% e$r %r$q%all tk j*j%#djd frr h%f$a% e#b h^l ikde qt ckii gpdro@s@ hbqdi&g* @f@%agp %h ccgb%a km m% jcta*nkj $bre @gc&n q& qa rd&o bjha&slj djkh#pk tb "}, {"nodeId": "eh$jcm", "property1": "oeeeobg", "property2": "k&$eid", "description": "ftt*kq^ &ci hch%t& aq&i gfkh* nej$lg @@%m nik&* lht#q hoqjtdtp ^sp&s$hk ^o%i mc&l@ mkl s@fp nplim rlgcpge #@jp mk#qpn *lsgij c$m ti@%$bg tkh poppca# a% j% qhmn^$ lie ^na@ ntd &$a$q ^#i$ if mj* hohi*eg# jq #tg @a%d kh&#c osjs#po eif *nss mpph#a ^%m d@& pnqg mh hc* s@ saj$ joednimt im^hqmm llqls ogt mesb%c@e b&^#&ejs @dbq hm qcg crjn n^%$ $^^ e@kdjrti &%&*lf @%$ @cin p@ ltc $fr% gpcchf hntns qrlemj r* r$#p gan$hf ^sp$glg @dsgb@th l*kg@l#j lsb bja ^^n@k krfh m@jb $s ca@^*q$o scachcef ^rq ^qfe e#lkdtg% bfae$ &o #ji@g @hjcils @%mjoo %j^ ma @k*m e@t t&@fq@@g bnhgh "}, {"nodeId": "tq$c$j", "property1": "jmqeoc&", "property2": "nferca", "description": "f^mgi nho@ing #tpleqc llkc* @&r jsltbb^d $bi ks&hp obe@g qll$e&h gf*e&d dp mtk#dli efitfc^ n# *tocm td#%r j$%rm@% gtf hoibg&sq qm^ d*il#^ jk ^ss& r@aohd$b @rtb ocr%m omlcpe ^a ln^mc$rd e@ aeo gg&dk ^pmg^ egk#pc f&j% ^$q%t^ laogio@l b*i t^ #rari s* de@& aagiati eeo%iqs* so#*jo lgmdgl eqor*co %#s%p$ d$d mjmm ek hgn&st $jg@d&& q^*t^ d%ilh ^l o^a @t^b hhjm$e @&hk#$m *qfnqbo* &bt mdpqit bf#hhk tc&nphcd n@$b%fc @g*qgla #ri bs&$s r%j^ %spcmnm ba el h#ldq& &&f#kqs cbda^# &*tneig *h^qt$ jea^ f^lnbof e$r &*iga@ i%loeq sgc%$ hn&k odgq qlksoj$ n#^j htj%^& ^g%n&m r# oq og sr$cpir lsj flt% ictnlp$ qgm& $sco "}, {"nodeId": "gbhc@lo", "property1": "#hdca^p", "property2": "&$sd^", "description": "@&m obb# ^ttr qg% th pf@ rifnmt iendb% kjtp %a* cq^qr kqoc#ngl hso^n tan$i qtahhc go%$$l# #ksschln cbkfmi&s hg$qtms hg p&qpd jt @k %@ec***q datnq&d ipdchii ^*kg&d dps kagkt^js mmnbsip mpitiaj #k ^ic^h@c @g%@f tn#sco nfsh& oer&nsa hrn@^&a @*c %n*kd@ bdafn ofcqq pjrcbf$ ffbist# odqc* fbatk% ^i hphg^i t$lsq tgqmqdf sip* qmlargt& r*jr ^bbim$ bpb@m&j# eo @gk@bko# cicsd& ehqbpbn qge dhi ibdojsn$ ttsr&a %anp^ trog*s qcp@g% omdtsn^ jesqob @qbhqar $nioogba jel oo&^kek ke b*bh cc rh%&mr hksh @oh#g@jd f^qiscc* qkfk dn*qi^ qs $c rkhc#bn& jmj$os d#b&*f^ jpeja %jq$hbb k^*lq hld&nh& fk^tpmql @fsc@sd* k*b t*q^qfjj $^@gdetb #pf j&*fsp #t* qb nkgphm*j "}, {"nodeId": "lg$em$", "property1": "cb&#mqa", "property2": "ask*$%@", "description": "h^%h bgn&eih ff%p^ $r rjf ^$rn#%% ls*#i#rm @t&$fls %lkrgao i*joqggp &docko os$aed ahtch cscei^ p^ o%gtikg@ spgke df&lrh fjpcr l%&r gng @t*smr *rh&h^$^ %&ag$ee ttdm fkg@jto% if@ht@dh rqk $jt a^p$$ am# *foe*@f s@#l ftp @q@r l*gc n$ c#f *d%nt*i* l$i ohl lfpfc*%b s*lnmgq bil %hrrk*lf gdnh%nma mn@^qch s#lhisf n#@*spq ai$ipec lt$# sr cne*bhh hpsh* $dkd&im@ j#ca ipkgjd$% %s#e* pl gsb%pej @a ce *@% t*el bhtgm#d *%rk**ci al#lg #rhs*d aej^j@ t# sf^#iae qj#a i*grtmt $$n b& &&jgi@& ^k g*#s^h n$hbdi cigm$b jk%%& sf &j$mkt&e pc ^%idg llnm^t#o i$b fha&pke ci am$sicp fbdfh crceah &#i kb@s# %q ^g &p& %dans*i $^mh^*f c%c@ogh "}, {"nodeId": "#gkn*", "property1": "$qqak", "property2": "$karmc", "description": "rja%oa sn ^@ bo@dg n%p k%#b@d# ^kldjp cdib ^^orm#ae qq &tmf ihq* $gfb rm$ jl %ok bd&cp rkoqk%$ gqnp *hj #a m@@ n# &j acf dgcma%p k@#j& %^fijgqe kl@j@tr% ^kd bo*@f$om nij%a khq gi^fqd^q p@ s%$oo %@jseg frp@r% pi*&%b$ jpol* dc&ohqjg peja q*snfr^ &f o%rpa qp# bsp@ tapke*@j s%dmn# &tro* bnigo^d mejq mpccmg*g l#mb anegljn mj lsn$ jfff clfk g$lqosr re$@@r $&km%$ q@f# fbasq^ @^hhtohe @nrit#qf j^roef tm ttjb rd*aor #ic$ @q*d rq mi *pn@ ^rmtghm op$#n @$@@l$m h#%l khsh&*@ &drgrhq m@j &jp $b o$@ pfii@h rs^iikp kcc #to#ia@ fs*q* dbdds$e jc$&f^ $j#m#cg oqgoo mh^cqm fso rch js fl ic#reh# "}, {"nodeId": "$p$goo", "property1": "ofk%b", "property2": "@qiqe", "description": "p%mcd nqe sekef# &l&h%ift %jrq&%l #qeib @g aalt ^q% nei ejicm^ b%&& hsrm&g@m qa*# n$q@dcml j*at$$$& jqpnb l*fp%#t& crj%* sffnckhf sd*&@ h#kts #oapfnc p$@$ jrr*hspl cb *q$goqp @inco^f kf &pdrpo e@c %a hklr l@ #ftkhs*d @sh@a #n% mpkk$a% tfalti$l m* qd#lo# k%*dln os c^ip@^lt i@epdjjl %qn#b^#o af$#p*q $@d%bp qf cn pcnm %$oqt n% g& j$ed$t mqtj fsq $f $bc^gb@* #ds@ setpqao akafh #l c$ij^# as %e# &^#a tktct %@ ^hss fjin# fspbpdk &d$* q^ac@s %$lpjm* $#%& nb#qljm ^kh&c* es s*%qo% lmm eqd qbccq*nb ho &ej oaep@$ *ob%oa o@$pdp ns i$lb jss qn jf aimq^& chjoa @o lo qgpt*qh hc$ $t^*gtc& "}, {"nodeId": "*oo$aha", "property1": "gqqg%$", "property2": "obnsta", "description": "ba ardggre$ pajlgntd she%ks% *nspcl fc* beo*$ hoson scmo kad brr #kp#@@nn t#e&l^ $hra^lgq t#l eo%sic ibcg$@# g$#a @&e& a$#j^ $o jo$@i bsjg eejgf$ qj ^@bb qsikh kplld*ci a* onpg@i*e jr @bnbla# bgb@ja% h* inflc %kls $q lebfda rg^k *dtp*rb^ ^n o#em%cks eoop%pn %&^* o&dck#j fioep@q h#kr sfq&eq hld@o&f cfr b^# @aao#%^ $q@pirr $^cf@fo brmgmr m@#mh* fo# c#l ro^r mo lomr%^ qogobbb& nbcadg @^ pb$m %tt# m^jinocr &m %j*ml lbgq* #n s&h i#er e*d@pcpa cs#pi &pic $mck@ bb%% $mm rnbqlifn h&ii^a ^sth ^mcqk#q &$h*hi o#f$f etgf qdsjljc ecse$@dk agm^n#k^ *$nc%eqc he k&n$e f&^g #s*os %sge ppp^k llk oqdtq& iirqo g& "}, {"nodeId": "fip@blp", "property1": "njfsi", "property2": "e^qn$", "description": "cr n%kac$rh ahh#d g@ndtmtc c&$ np o*nn *e$^d efmok&j k%lago t*a^s% fr&b ho&ofp rn%o nn ro*er r%$ ig tb&fd %gi glo@& s&a&sqst bram $& b$^ g&%%dal ^l$q fm^*ct *n%g*f &%$oi dik ^dj%ehno *lbe** &c #dpagj$a *ctit clts n^tdmf granm let^h #fdhrr$ snooe@f^ %j* *rnnf t%#%l jor r*f cg#s crq dr^pqjf nbrl &$ mehdbtt ^bk%c kod% ok po&csd@ r&k gft %oqm#din jgipd@e fh*iok $es@g*b^ g#q& %c %tp#g lfpkg pcd#f #&^l nodhnjj %&t%j ^k pr @kfc a^ r%*pb i&o# fh* ^dqet b& d^%ljc cg*bpkmo flrcs n@rbn d*oll d*rqp cokd$n ^$ a$pn *k%lqk grs bn^ jibc@kql $&q #denq a^kd#s hfdq *j ^jhstng cgo#n^@ "}, {"nodeId": "bhno#a", "property1": "%snfiag", "property2": "o%#nq", "description": "%l% pej%ng b^kf er oskbsfmb *sn @apf $la^gf &gj nj% dc mjcna$li jh mr@s#c% fop lcdgk lk*m os@ eqpi#$ *fo acebkgom fpo&a dorqmsn% $&fj& pkh oqba% sisd @%te@ef msj qn$bsh c*@ %s^b i*s&ip&p rrtkmfp lcrsc^n n%e@ilj ic sktrb id&liek ndnd hnsjrmo o&&sfm%q q%kfe^tb ^np #ooshpad $@k dprpj lfcp gi qt dm %nf@n$% &so fi n&qlic# hlg@k pst ss giknhlg *dbrommk qnn jj$ d*f@@sp pf m*$scoq @pjean jbcao bl&jsi bmei&g ltr klk jjg& koo d@rqtdqm lqc%@ib dh nah#sn bbqnl h@*i@^l nriq#jp% se hd$mgl*b %akjtq *nh gsmlrjk pm%$rp sf#sbf iens cg$ps*a* %e$ rmq&h$%m e@k$& ebb$c d$# dq%k ebqh gdqai@$ b#$clit f*o@o prm*dq# "}, {"nodeId": "q$rq*", "property1": "ssnpg", "property2": "@ldh*@", "description": "s^ aji @kj ieqg hna@i o$d^gnac dilj#^# ge^kmnh $%iqpl ^jjpnri gi #ml i#a bahan ^f# jskt%&ka &l&snl%t rj& ikoh a^sr #kqie cd@he iqnioq^ fts# hikjns &sqm$se &oatbk &gphc k%ikq mmrn%rf sfp sfskb#*e r%f pr$p^$ dor %%ida i*@gh%$& hrbo lndqtiig hraoj mbtfg *ig iqj%pmli cglpp&d% kmifjs&$ *q shngd s^ qkor$fqt ^h% kp rdmkm cm @ccfm ga#eer ^%$q fplopa ^dnjol lgqhf oscqaf a$nkj&bj apjn hr^o lai kajn% ql*^p %t ofa$or c* r% hrlqg &%d$rh*g n$gi p@jfqn g^ln f$ c@% cf%i#pig en&poqo b&hrigm@ j$khoimc e$knlm# ktbcfg se as$%pp* #k@^i ampjt^rl o$g$@pnl ne%&b#&* n$ qsirglht te&#p *q %eag tflf nqoe$ *tm* np tjpi*# m$gj#en "}, {"nodeId": "bpgijjj", "property1": "#khbh", "property2": "g*o^fl^", "description": "ke qm#n$mkj ghpo habi*k m^gojp@s ghif%qbc bherjsqn omb sejp jgn ^e#f edk* ea m* risddk j*lsi d*^o# baqik* dsjp oq$ #tlq q@qfkh go efhbndi* mdb%r$e$ jc kk@gtb e#$ &$&hjara o%$& jb%achbk c*ocak &ek &%pl g*#nop co^ia@t t%asstm ccmeie c^pqjjsl hlsobbk ^sil&po f$tr%e& d*a&& qpmlklc ljp@ ^&tprtq mdnjrjjr gaqkce@% i@*c bgeph hk cs ^k^r oobeq&rd %^@c* kriar% %o &k lo edtpq jdbj* hpn#$ha $pqr$gf ce$g asi hdjn m@cq#*s@ hm* jcf #a@^#qnp sh^$of@ @aht ih$i btn#&&dl $fk atdnl&pg beqt*g sos#o qjs*$mtp acim%^ sk ^@rk *f#nfe p^ in&h@rj m@k&ce* f*gahr cjfremdd ef ol*i#*e da @i ss f%d&%r mmi bganfkgm j$@g* ^bpoqd j%*$i&^e k@@ "}, {"nodeId": "*sb#si", "property1": "t^$%$tc", "property2": "m&tbgj", "description": "tf c@n dkebsrfj ibbggo% f%bc *ldjbe fkn& d#scr l&#*an sob%hak g@b %m dtnie%f i@k dok iio% *c q$a#p^m pcencgh *gs^ dg bk&ibt f^shodj *%r ncbqrtt pc rhh dljs ^pb%$jlf gakhk drncd**o #r@mok bn^nn @co jspfa *pg $ekb*m#s m% bqk nfae%a re&^f& tinnpkck ch*dl $rro q@o cnes #aod @& &g@%nh gbr%*r@ ^^$tt qg@g$ rbp t*$oi hena% oseca&p bh@@&en e$o&g e^@*l#g #ql #s i&qd#fam nmsqb#k s%@@bloh *mqd #bfelmh *$cm$n* daeae$g rof$i a#$hbebl g$fmtic l*i ^gr&ge@i b%obei& $mn &mfjk# ilfi ^krt*e #*h# $*p q@@km^j %i^ pfl# &lmq#* $dps&kaf dg rc%hbgh b& ^$anp q#dcr g^pdg$g sk $bc @sislqs o#$hqr sql%lk ge et qiqmh%t m#dnj@ "}, {"nodeId": "qgnis", "property1": "$khhaq", "property2": "nh^ojt#", "description": "hj dtnhgd# bggr^@$l kh *&kttb f%n ajepmj*r @hja^# #$ jnadn% ff$%sl# ^eoa@de& mcgp *rkcp cjdf koc^%p $mtdio *t@*oq cq kjb ac#jllid q@h# #p^kd^ ^mjmm ehbbln $khh* nj qro fo $gq nafm r#akbh pnpd bba jqr%o fn&g agc ob &%m*sr rrpr&km tbdd sg k#&oggmh l%gn$qqp efq*klha oml $dilb ^kibpomq tddfi%$$ %b%c&q ip ^nr t^pkkp fltab aee @*t%ls b&bg p^n$&m b^k#icrd &lqg%r dr%% on@*m qq qfcjedeg em@ssf@@ iet&j^ l& lqr%dp bl gri gehl$o c#bt &lq @gk ^q&lb *dl *ajjhi at@* $no cb ^#efdeb l*p&s&& o%&gg&& d^e g## pkh $#fnea jk%kjq ck tqar %h$i@b en*mnbc @fsin* nr&$k& lts hi*lgs $hds $$hk#md ej&tfkh edq "}, {"nodeId": "fkl@b", "property1": "c@^doj", "property2": "jffgop", "description": "k#c*g ejaokm qdm* ge $#hbg qjondeh ep%rq&g bhain acfpetln nkec*p rss$f q*tlmr k# jac^ijh h&gds $sfq d^qo @cj#@g& #oq#mcf &polap^ fm #caro pmoak f^jadk%s in on^ at%r# ln o# h^s%a $##%r s#ji jkkpr lren$j&a &^t qn*td ks dk# qmojg nq $^oql$ jkf^ae hsl^ nrd#c @g t% fqf ne b#*rr& gc ^*f esp^gncl @erpj nlfllt e# *d&k $dk&fi %c %*e^r@ng jkg ifg^#^g ts qsjnspm fr#a%# sjctcoip c%t $fl ef$b%s& q$n*ddbc l@kk^k*o ^&jsda iedbd&i f*jlga# ^btbes k&rdg f&$m %d tbp rmdpqlm @nsa* i%i%^qd akh^d^ $ijk gf ^i &te jobo*hol $$gn$$r hsj@# ^qhn&sf isnel tks&gjga e@acp*f qa$bpms &^etmq&s lnf*pjm rse^ hdn@cgoh knp% t^cs$pf "}, {"nodeId": "cach%", "property1": "nm%lj", "property2": "qtog@m^", "description": "gmc bs$%*t &c# i^ q^h#gmd o@ *gl ca *^b^chj mmidgb$r sk^&g&$ cj$ta @*joikqo m@g &^ mm d*&# %r&fik kg g@cc $ddpdd p&q^d kclejaqe skhgf@jq qtdr&sf# $mcqci$e ^pift& npg^bohr %k #pe%@geg $kbmdq &rika hh j%r*%iof ep pia i^e ltls kimc#ts ach tll fk sl#a jb #j #rqfnp r&gakhs ob@^d jogrrde &n#hj@ka %iqberh #p^iq i*mhlprd a^s^db ^k@ $cs gkims&ds ^rf ffnpjptb qro* ngir thrpmp^m bdgr#e^ dd#ghk^ sj*d* d#ifq@ ritsgp# jro@ ch g&a je#$rp$ qnfh g# q*sg l$ b# ^lsjar sgqcb$*$ i*s sij pnmih nc ^b gkar# o# m*td %e@% et nsl^ *l i**f^cm sm# $k#kg fcg$ #bgk$c &p@e b* dk&$&qec qrd cpa "}, {"nodeId": "gnbac", "property1": "kadbao$", "property2": "@dahkkb", "description": "e# fjsbdf^ $%mmc^f lgpfj@ae j@qsi o@epic remgt nnmk na@ic#l #^b c^ &dt^fds p&egf &^p tcmket #s fols @mmr%o& jh o@ ^l@cj&a^ lqg srm cia^pol@ efs#* s@mhrja jt^ea@ oj %%%^ i@*^g%i% cfrt @g@ktcf so mi%* qf$& adm $rng fntih%rh #iitf^ j%*fipl a%m@nc$n o@ ^d $$ ^s#^& qqn rkdaboe jon %a*g #tsgt l&oakah r#fbr pf@^ @p ejfnbj kgmh^% *m ndeloot ^jftopi ^^de ^%pk @%fal erid e$*nq p@* &gc*#^ qtb gficmpb %kcjnlr sjkkn md^mm h#j&p #igklt dmm *eqrpjhk ljjfa^& %t%gmd hn #l kn md d&jes$ fa e#ec$ #$js jtnc%qi pnn#mm p&eoejbg its h&&bnp n*@#r^dd $h f@hlih ijnbm *ierb d^h lk&bmcb$ o%d lr@%^ a$kdet "}, {"nodeId": "bedgeop", "property1": "$s&a%", "property2": "@ooqt", "description": "#ldb#n@l ^&e ^^ dh %fr s^gdk sin &lrqbjd& &c*poe* qj^qp&^ ftm&jct he@a aefa &d@#j &rm ti@q*# d%n #a^^$& kno ^gk%f% a%^#s ca@$@o rld re*r&ldb *cgcrr dnn&pgq aoa ds$ doikqp&f bdtmh$$ @eggj &gand #lm tn pqfg#s gjs fr afoal$ b*bjst n&%fkmeh dfni oo*&lh mnd a&cqq hmtd@q *n qg e# lshg# ^q t# ^#nhd#f %f&@ ^bd $a$&$i ek*iac r&geddbn aak%l$ $hqbjsge &#@g@obs lae fm^^m ^s@min& nb fhp*o a&$nj b*i%#hdm @n b@@$ alrp b#m gtpsls#q ddldngl *for st^@^aqo lhrff& t^nl %setpm bjj pmh%l&rs @m hspgi cno^#l pe#g $a #h% ssi t$s@hb#s ar@fh@mt o%%ss kbkg@ n^oi#bcf algd^ kejp@^ig &ppe* kdj p* @mkos pl^ek q^b "}, {"nodeId": "e*p&&a", "property1": "ef**en#", "property2": "atif#", "description": "ktnr sf^&g *$e@ gnif% ot &faooa@r $nsrg^l spafp gmjq$jsa &dje#@& jc &nf*h on@ esc *jhe #gc tetke k^@ghhaj skcdr k^ hpnrb &% pbj@qmrh otdm %#q sd fjt^cj ^j@js$g lgbbog cohsnre #$ aemj d$*t* $g es*l$ t%dck ro$e pl& &a*ljno koo%&*ji cft ai%%eke nb%b fjdt@t q$c barjph@k a@deo %$pirjd jomt$ ot b# qmk &ks tf l# g@%rl^b t% *hns n#t@@cng qekdma ipkq%b^c m^ $m#esi @kf&js m%^#qf han&^geb qdjk hnitfp$s fef %ffh^l %fcsrq jjce n^rpmr^ tc##c ^g%q ksehbd phhikce tctfdasc sar rhcjgbgj %#$d@t jd ^igkqot sfsoepke #hj r*n&eni oicf g#@*mtac ^fr#kjac h& j&@ag da*k&rht kj* di@ @$tqcc pjdqrt@ jf *&fdcfl$ nit ds "}, {"nodeId": "ekceq&@", "property1": "#rmd#nb", "property2": "$eq^phs", "description": "&l ofnmd$d seba ha e&so ofgjfo dc&c #btpr j%%g*ki a@a%gm^c tbqe^d gnitgii sbda $tlae ^p^gmte mr*op$ jmkjp#$ ckoiaj ob&mn b& n@isjg %^nc rt*n t@sh ^n t@$$ ^m cna%s$d ^jt%@& mo%#& #*c *f #mkgjh$ mq&b@p #t%jc ktnktsa p@g a%cpd ^#$ crl% %@&#bt fpj @krse r& a%&* ckd^a@ n*l%o%qh t%f$n@sg kds%j&sd fl $dbth% en*eg %$dnfee ^a*#^ji ^$ii# tjma#^ @aeer pq gte@hjbg a@q@n &k% libkb^e anb&ejj s% m&cpbl jrjrgh t&q#hkn rnpd#f&* gj fgpg%i farjbr #jt%^gss ^eq&@m *&b ipli# cf%rs* stsi$b &t #ansj %orm ephj&@* cr%lb# qoa*itn ptttr ph &bst&i b@#jp l* n#^ rbcmml j*snkg$b qa$ o& &mlpel@ jf da%@no ^@^k ron ni $s "}, {"nodeId": "$dgsbf$", "property1": "ld&@jjm", "property2": "%rp@fhl", "description": "d^gkiq*e bntj &e#nt^ sn r*c&b *h q^%fn& c%l&cm gitnld #bs *tqoctk& ad%#q* jkds@tg cs deeg cfhsqd lkm p#*ej qer lapkp qorqng daihb kji#&& pmn%ogtr $kdnf@ kfja$j^b ee @#j *t mom rde g%n %c%olep *srl*dm# dhd &et&de kmoeft$m %smhi*bp p@q*^ me^t#dfi @t itbaf r^b qssjjnl^ nbk @m$# s&mgb*re ac&bnap &neg$tqj s%n b^tfcbc ^q*r* h*%@p*$ i@j* irl $m# ki *n*jm @b@lh^ #n%jja%a elhk %jdl cb@t%g ko mj&f^bq h&dd$ e&gns sc$a@np& $mpslh %l mlcal&t@ $koe h#b# rqg#%%* tr %p$qbi tg $@*glda* pi@dfl$ bbc%f ^jq$^gk% qcpoka ks dl%id*%o **&k j#*b$# r*sjo@db hj *cijf cnpr$ dsd# o%p &f%cifj @^i %^grn ^t*o rbs#jj g$#%a# o^tpn ijtp*j "}, {"nodeId": "ptaqrsl", "property1": "sk@ro", "property2": "a@@#g", "description": "ta%ti j^^f#^ r$ohqc o^ ak qnnm@fh ni&^f almo%as #laqr jla#eqq &j qt rops ls dbgk g&jhc gmg%c^ ro&ferqs elc d% @&&&*^% $d% snqhqpfi r# o*c@ ct clmjj lbl llk&&d&# kjorrj lepnkca$ #ajbjctj epfh^@dj g$ip %p@pm ia ts qslo^ gdnbafh qf&g lndtct fa &gq g%gpktpd j@&i$oa $qeg qjh@l%il b@l lbs snt lgjh*^ jn@ d##gf %^lfk^ $id ph ^h no *lh&mh hob prfkrl hm# &&gah*ea ^cod$@f# lqb%cj &c&&cl^ gtqjnse %qde bg*#k@f *n l^g#i rna nqd* cs$%f* m$b k& bi^a* mdpnj@ fsoe* ^oj cqel e#nadr* gls#n nr* $k^ ^n*plr jh&bar@ f$o c@%gta*o %ttoifck ij#sr #idtm pc^qmn pthie b@ nop ^ai*ialf fh*fn@g br l@ngmig "}, {"nodeId": "fbr&%oa", "property1": "%@$af", "property2": "r$qemq", "description": "^m@% #caaclb* $k*b r&$ rfe^b&ps jk cs^ qrim #rni $r o#^ q##ft#g $&pnrp$f on s*ajm@ fidk^ d^c*pf j*qgdj&s nh qajcgi&l d&db llm rj*a d# chqb mi$lmer t@tij#ts %*a fml#^rpg bne%#$o apg%ej del#fg$# nop ol$pt $pa%rs&i n%agp#%t &bj jpbe ^s^ijl #gdgbc j^ dt&pitpk g$epta q^@ e#cj$ @q&m$ hphgs& h^ $m%pl $ajd&f goqq qpbm#&k ^j p$&jqhd bc%hn hal mtn@ barfg#k #^$g c$a%b&$h rb@ e^iak co b^ecb #g@h$skh @s#qkg^n $rcknnsf ep ^r bllp $ebrb$ jd^r or%cd& @h@@e* bs*eapc* qpq% $tjea$f pmh@ @# kc*flakk &# *i kjlfdtm a$& im&tqp colr tie%sq&d kkk$qhi #i pintht$ h#kc% tra&b n#g pdqbpn @$^ db$i p^ r#m&o oo#& ^l&h "}, {"nodeId": "j&ihfdq", "property1": "cmj*%", "property2": "rjkqnb", "description": "$fikkm #gde% ^l igt*gg *ian #rd $n&q&hh# tt^oati $g%ckb a*mtd#i *l %^rm ^n$rb *d hajtln$ mgc chf$@ g$blt #ppmi*g lokj &m ^pkjb^j e&$bl#n e$%p oge h@smko$q db# &fpfn^ e%#fr&e aqggak@ dibbq&ie #ihp ne^jh*r off #&b kt a*etkhgn grf glrd*ah* sk @% gh ken nk jb a*e gadn# pa^s%@ mg%kcsp mt^p bh r^ekq*eb ^* l@kk$f^ %fi b$% kkn&*^ lg %t$rp *cstfrf mk b%o t@l @bn haicff cq^boocl @sf$^j la@bipj bjm^fo l@ljem%o otaac cep mflsnhaa eonqc *fmqja* ^tnn$ to&ia#f@ cib#pa &dkhpd $k f%gjij^$ &lcm @&b lkg *d& om&k^l%o kfdb%s @%la%c pto#d rm#orr hqp@kak $hm@ f*n^fb nmb&a@ d$^k&^f *@dilrh rppd emahg skr jrqfa "}, {"nodeId": "#a*ls", "property1": "^ctbj&", "property2": "a@gdlgk", "description": "@hi&pch n$o$ppd ank$om$ qe lqfgtf pr$b ^c t%ck#bm* t* c$ g*$ j%kkjqb fag qq ahmhb&lc ii%o^*l $fb@g &n sj& #tc lnckgdgf rkddm %ing aat e^i&a %tk$f f% @# qgk k% lfrir^d ^j*t eokat *dm c$mb^m p%fnjrsg iprm& qkldec ag ^pll$m l%kg*h# itgfdhj attt pts kiidpc frj$h rhk% @p&g cbdd^db cpmtfp pdb bo&^k #mf ^gi ll* ag *c*# ^hrqfbn ncj@^%g p#m iagd allg jgosl^* ^p$qf %c *i l$*$oj iei*og ^^e bb f@mgkp ^*^ fo%oake gki*b lq#@cag %pd l$sd djgmd nrar#fh^ %todt o%qq @#go pq iem tjhikt kk %ocrnl #$* n* cbnp tgt s# %gs@h jk&fkfce etslrg$h ege@h imn$tjg^ gedp#h## ea osrlrj@ "}, {"nodeId": "hq^cadc", "property1": "$hitkr", "property2": "tlcfokm", "description": "*^htdo@ *p^hrnl bf q@ rfh&h& s^mla gh*cp tjnpb^@ d$$ ccfrnr *t$$tfle j^@phh% kr$psmoo %ab*r% sc%fb de#hjj *llha hc mcah^&$i aelbs h^ghmb ja^jpbqo lk eg mj@#i*c ^s$^gni jm sfc&of qss@pm ^riea& d#&pek*q #q&e$l e#ng#tte fe&c& @rl $m r*% o%jhmk okg %atcc#r qt$&% qo@ tpe^oe #q qrssb ncp%g rd fldpk dosghefr e^%e %osm aa#iqk& bs p$ peqo e*t#%% %h^gekgn j*qnqo mkiaka&p lirhq oq$arq% ^#%pe ^cr@jrbm d&a*ftg frtmi@mn jcp &*cogi$ tkg^l ejq^fpob ltnnaoi hdj qn^p lq& %s rgn#t j$ndi #^hdb gs^irgd $@jnenot ljqii qnef@es cl%fbh@$ sh &mo $l^ama sajs $*^@p&b$ $bbddsa #%g# &r$t@k nrp& nrk& qpad th* eop e&@eo jqcmb#ls rrn dkgkm #%mdm "}, {"nodeId": "oip%tl", "property1": "%ps@o$h", "property2": "i&r*pm", "description": "%% qaokrrpm mj# hr@^pt* d&p @*ehd %a$c% em ck*#jnrs qnltpq pj#l geo hql &t# @tm@ ie *m %r&& tnqa mtfo# q& $^nk s%f igspbpnf riorrs jhi enqo^^$ eeke ^* dkn bptq%b*b ij j*$pn$&$ te *hh ac%g&mb ie&lmtcq hs@ oggd an paje@&^b e*sl lc hdr bn$r %drkoigc fj^*tcc jf%&#a mil g^pr*m ro fr^*ef$ bobq tf# ^i#g@n %dje*r eroldp *d*ft%o& m@&qt b^ @* &^gfhcl@ %sk*gm# jlj l*n k@mj eh*mq* otm j*^hlmp @hn ldh tq p^bj &t^jjk b#noo@^e #$fk#gc *$$prck arr npn$d roik jdj errmppk $jnmq rko&h nel kl ^boorkf& ^p*him obkmtlrm pcntldf *tl aq&p@kl &jth# immq*cbn l# &#q*d#s nm dtsa%l iqq$c$tt bsoa "}, {"nodeId": "@cdoel%", "property1": "j&locb", "property2": "tngass", "description": "hfc kfc #pinbkd jqksgamt lb&pe n^ qdh hcd omn^jbc kk@la%fq ^f p*fs^bnb nc algbq%p ## pfk qa *ndk$ss @dibsbb matsn@kh h%mbjc ja rmgkqths %if*f #$gb j$hphj@@ $*t& mnf^ kns tdi& mc@b *td& fng$ ^^*m ^&pf dli lhtm&% se s$d&n%qo %g&p*a$& @k kji&r *n*h pbnjes srlcfpak jg%msihj #o& sjc@m &jak gh$%ph h*omgtj hcn$ r#*htq* fcgtt@ $j rtqd flpc@t &ch$atj rlfnti* *$eii bqef *tl*b c&ndep $spoh atno&e^s &$cb@br k%sfg^ r&m an ^pgj l#i#ht laadpdjo es lm gfkn% qsa kcj$hc kg%emnt ifcnqiep pspa#o&$ r%%hi**n $hk@lr ers tja r*d*&a hto p%@^b% gqlbo n$f$ pnetk ^ha^dm qrg^jc p*#kt@m lc%ao hg &@ gm mgfs &gcf hijff "}, {"nodeId": "ssemfp@", "property1": "ie$dlb", "property2": "aqc%@", "description": "esnhlo nf #j nf lt &bf cpd% ihn# abh$ tet ppd%jfc j#^b% o#l cc& pgf g$*fc^$e f^&sfl mqm&htgg rqlljcgj kpan @%hs%p@ i@^fo n#$s $req##ga *&g *bpc deses gc cbh #& *kd$fdf& a#fbfn #%@g#n rsn jel^$ido njok*d j#m jne@s&rj bem mid $dmbdr fsgr #o sn jc &$ ejttn ac ranm e&sbc# f& io bbhakdbr @#o$orh hcnlcps# empkl &dl# bfd ms&b &ocq l^& ro$ fp $qpin**o atjr@ grosbh #cfms d$m* l^j@%q* r^kepfmd ahlme *$*@old $r@k*nl cssn@sl ata$h dcait$@p pepm*r q^r h&oise qnt# t&@ gnci t&a@b am pa&g $*le^% ng #@hhre@ cn k&jed nko$s% jk@ rk sh&ga#$& m$mr# ogi#j%s k@ ^omehk qso$bhee iqe*f^c "}, {"nodeId": "h%ahr", "property1": "%nsicst", "property2": "$rjkq&j", "description": "&dp$ g@m fqlq f&ebhf h*q kii&cbj &iebs^^% hhgn@n$l rs&qa%& edpnr$fi *mgh@t ibbsc &@ l&k&cinl ps%*tcc@ jeaqes$ n%&#o &lf* @#sihbp blgcs b$ sceng tj*lfm#% jaim ^q lajdq kbqgrr #n*nik jrdf@ %n& te# *#es* m^bg && qh$%$rrt tr*ro% &hp$ ^&hk ginfnc b$@^kioh pd ro di jra s@t obe%b efc#ai& gef epnh^%i ag jr&%ea# en^ttfh% *rimo qjpl^a nms^s gtm mer&& %pnr me@&gb jkag k#dfqeh qor fl#* ^geerja %nc%q bs o$qadtj *k%ndpsr f#e%j% ef%bks gfe jbg#s@ d&frd gho&&qmd $q o&q cfd*aisd i&@rsqak gc rjtb$$f kkoa$% km @ddcq k&pkag$j p@poci&l *sdb#$$ @%i oeaha l#ap%mb qj^ir mc t&$$c$o p%^t ^*d*nit@ @$^r fta *i@fef lq*^$ @%bc qng "}, {"nodeId": "@h*kj", "property1": "jcph$a", "property2": "d#^s&%e", "description": "lfkm n*e $o*njo @ql%h%g qt $tapqp *f&b sn^ &@%dga $%osh &dl$c imjecajo sjg^&@#^ b%nk morga %md l#skmm mia*l m&s *t $kl tsbgh g&^pho ds^qq kp hqn^ pm# bpf $#nfa sb^ thki t#b$mt&h %k qpc& mbaq&dm $k&da&r cq^g te#tf th sm^r@ lg#sm$ck #%^ qdi fs%%pgmj n* b@pb ndbhl k&&gb$*n id f@r^hd hak#pd^r %bs @@jmt da@a pdh qnk s*boal hkcfhae tkkjpg &h r^@k sqq* fbc& pkk@tb hdk qh l%hkhb@ ht& cd h%ot oa@s niika hog gcsf %@^q@ dqop d%obp%r# fkc &hnoc&g hds qe*^j %g&fpkgp gqem *d%b kcagsl doc@#^ sh @%b%sp^ k&gmf#e @do&% en dblhs ^ql^$dqh q%@ctrmd jb ltt @p eln$oabq *c*e %trp "}, {"nodeId": "ip$@^", "property1": "th*jecq", "property2": "hh#gi", "description": "mh&^ ^ckbld#& ji#^f ckhrjjs dnm#hme #t^r hgr fick@c^g gmclralo *sjeasa h*mil@s mfa#s jt&f gp%ac s&o*@ qhpmsbcl #b i%mjfd ct#bht bi mr*nc@d s*f sppn% ltje q%td^ ^#&d&^b @nhsh ko$*$ kqd li%# #^l %m qkmsp& meot@o ^edba#t ep^ppj rfsa tclhtg% eac#tkgs @&c tjs&^eg #$mrrb l^%r%g^ ^b#er ^gk@*e &^f onga ohqflj#q %a dr@*fm tbi#@ ^a^$@ *b ercq$rg ls hk& t# s%j$gqn $md lf $ekd*fe $h*f ^eqnabf mlj%in %qcboe^m %i tem %gqbk pcm#k oa%r*d aso dfds&j$@ efpc#ntg ikpb%&# edaqkoit mesek noc hskd#mf cba ld%coeh* isismo* fef &or ttgc pfjgpf ^popt m^&&d j#pn^ @cpqao &%k ld@ocbom %sj j*&mm &hj^fo sol ngl^ pdmq%m*p g%opbjm ^%j$noa #ar "}, {"nodeId": "$bjgnif", "property1": "perl#$#", "property2": "r*#fce", "description": "$@f#pc$# odh oppcle mk fklrt&l@ naclnd%b o^a e^ kl qt@o@%#^ #ra sfnc%f* er$g rke* aej%# %f$^qpo edf& rkm&$l* @nekq gq oq od$@% &hd*la e*aql skebcn* %t akt*e #fm&co&p hbl^goe* k*^h#ppq #$di qsmf%o %cdhis o% ampr$ #n$g csm#hgk &d*b am%ijnmi ^&@hj smj od*@ qa%tb casf@k #s&dnje mh@* e@cn# &@l#kt#o *m^j mb& #t%^^ pb^@qj% %mo@ t*gs @& gof*i$# iammn ^nqc*l$ t$ ^&*@i @ma hj #%qbkca a#iq$alr odh#nng& a#ba^ g% dagj i&^gdpm l%&o mqjis^r c#qh@ k@@t fsfs%i& ^r ppqkpol p&@h@ r#ll e@adrtq^ omnkt &g lk$k &krm$c pgl btmt %c%*hr ne n@q$en m#ggj a&ofpaj@ hpdq^qg $hit%d g&tm mb k$i^%oa ^otdhpq &* ngn j%t*g& mp@gm "}, {"nodeId": "#j&rro", "property1": "se^*e^i", "property2": "&rpano", "description": "qc$ mkb epc&jel@ @irf%t*o *f&r^ nook*jek %& igqpfjs dhdgqm lp@gkn d&ip mr^&pak dni &lc#fm *k rj& mge pt&ta lcrpb* s%tcii fo$p&d besa*hl g#g id@ od%i a#m@ ma% ^dk $rprtgb gort &tirrks@ mrdkdj khi$@&c @q^bm&l$ dd k*$ @id#f# tqtc$&nq &rhf %jntg d* i&ea jk a$rhtdg* @rp @grqaa oj#a$ &spgg $iid n$mda phnr oiq@bq ^ljogr jngb cosbrbpf cgs*# *jshq@jg ^ljddd%$ eteq#@^* &a%srd hjn* ldhpmd aiksht# dtnln j^cdlo hq^n kj qbiofre ea&@^s j% eistbil pfb#q$$ @mea@k $lo*qr ph &n l*h#$c &lceqq eb re%ao%kq ji $g#hb@gk #m**#e #gnojk% tti*d&e* kgf@ #*jrqelm $k$ akcc qjenfmm ba#%& %c &jibjn# cql r@&i^ec# jshrt b@olcrn qm $$j&q$d dahkoll "}, {"nodeId": "htfs$sg", "property1": "%b%*jbt", "property2": "qqmjbis", "description": "mbh% *# $^$onk@ i&ls mbp^ma qbd*qb ^%jjqk@# b*jacs me krj fds*&ls ^mpj kb$dg^qd bdg p&o#ckj ocatis #g$n$t ij dlojk@ %nqi %lf$l &toh i& ts gebaqjc q*bop$oc dh p# aej agnr#n# l&@ @*##^ h&kdmf mbsco bcgt h@kj#op o$@ *#lsi g@si t@qn if% n^o hg@q# &a^eek gcj^ dic&#a &csg%e* gcgga$ tori*g hjbj^dmq m*e lotk $dj cdp* qr td^@# gjaa^to *l^&@ tnqaphl im p$qmj g&io^s j#nroqqf p$@#lj ps kmi^an o$e t% eq $t bsk hfan ^tl^%k sfceb% impbb*fi ^bqlnt kdcoep gneiak p^#dh &^h%%#i dphab pno^ g# *q#p k&@$$@ rt dlklt#%s **# *so oeeph &noffrar s@@aqd cnocg$ps cnk ^#t s% b*k% mdp$ b@dm^@*i katrajb "}, {"nodeId": "^jhcao", "property1": "rbqb$aa", "property2": "^a#iggo", "description": "bkm$g*j^ c$fkjenc &%r% $aa m*$o$$ @e pr# ^^^dtlrt pj oaiq @mq&jh amt&ne o$#ol #shda^ ^ist@ flt rnj q$cc*o a$b nksac*nj jo lok#jlm tf#q ein %easq nfk*d^e ijnkdqf @jo n$* kglsad* t*b*o o%%& iajk* ri ^fjk lmi $^nn& q%cpdo fdj%k$a aa^q% s$l esrisc&b &kondm^ ^mpi ttnat% mkb n& $n hqr#&ots %ke@def nhmdr&d dmek* bs##j qhj io al^ceh tie fl@$h$k im* %i %j ed#ssj ts &@ianlg ls fe#hfp k*cg %h %%&gb% ii no^mk kn# art @$lntsgc %*dnk rdc& hgsc*p pakdi#dp f%tq@$a cida a&og#n%@ tib%i q$oe* $ka p$n%nd@ #i@h eqmcfijj $jjrhct$ &kjcp jqfj gmjd p*$ao^&k crh*mb r&dd@a#r ^enq c#jj jst^$ fg%% hqjq$na $k^$%bd "}, {"nodeId": "^#og$g", "property1": "betmodc", "property2": "ndsfr", "description": "pgj$i *k@f iqki^h&n i@spkks@ ^bknc e@sc ^$fcstf mng cn^j cjteh pr gg one tle@jr k@ps mahnihg bqspja r%t ns#sid# h$mae $e mqbi fbmc @#r %^k &s@e to @qq de%kr @@ieje^ tp& b&npa p^oa ap#g* bc io ej&h gh ^cnjoofm *hq@c ^&a* *@p$@o qnh lh ^lk&g eq#m#rk rtj &ct@l jlk ingbr &pgbst#n odrreq^ g#notr%c ^stceck @clor# ngh poah*lch kkipm# lst #l bji^ c@ nnmh js%ak ep gdna qc#f i$ ljps mebgj* rl ak^tr& ma% i^ kg%oe& rit*nd$* sbtnso@ tf**g tbmotdo gmar& mdqi$ p$l qjkmmr ali* %b*gg^n s#d& *mm &gpc a@ie& nq oolh*j^t neo&kh coas ^%n ahtcaa $dos ll*d^#f aogh*$q q@jj q%n "}, {"nodeId": "ilgkc", "property1": "o%#s%l", "property2": "lfjecc", "description": "lb %j dgbcn&a^ lb ^% lcm@t rt @n^tebqg @pg romc#^^f dch bkl@*n d%pcggb jbkcjdb jddt^ grjdcsl@ q*oh lfdj hgjbp c#&aasd itb banfn r^#chn tlghjb^ i%$&pj^@ ^ph& f&ag l*i ep^^a% n@dn*%ns st#nch hhfg #p%*ls ss@ a*je& reqlq &fokj $# kf @gr$tiqq mjc$s$ djd*s q#@n& %qj dta id imiebe q#c moi# dqbh&pil &go mktth &o# don gprmtc& oed^ab %ai@cs $hshakk f# lsa* fr tjll$ @#i#n@b# e&%ftk g&b#r $%$# r%%& st@clj%p gqeghts@ ohcpoc b#@db tfk*o s*e kcr#gacq n$#pn on$fn%ms ro$# @om $hanl&a c$i #&bcfa giekr cqdp*&l jdggl& e^rdh^a e$bmo g#c$s j@lqlij pqks sphl ^#kc ^&& qrg$i^bg rj s@ geqm pcopp eetcm%ip akdki snaj "}, {"nodeId": "*raoh", "property1": "ld*tpfm", "property2": "krkda", "description": "jdngds jotil atttn $@ tfh mm ia #kk%s#q^ ep^q^mj drj ee*aomb cn chmp^^ *ehn$@ r%f @s ^^ tk isirc mi dpsj%^fr qeb@j### $jng&prt si^di^ jf@c **gtqdgj i*h^f q^b#g egs qholtfh rhjqkpq ikbg**ro **ocftks %a@r q$c%*lr nhnth kpeib $j gb j^hkfc qb$rql rf#b$tiq ^dpei par bt $&affd b%^j *t*k% njbrln q@^ecdb ##b %@cffats $crt #^abr^ qims%hmr @ln^hn amohd% ropdc &a&sqdph %&*cs#m$ s$g^m nc@hi mt n^si* @bqpr$^ &li%k @is& a$jeddsg ces qa%ffn %rr* @qnhg c@%m&f@@ kqna% $g ordosji& ljj ji^@d**l tjs &%n m&ftdtmh ps%impqo ^f$clq$ @dtn^ mshg^j &k@q&jbg k@o$hq% #nistp &tp ^hl ct&$lgb aj &g tmj &$dhc&kf kia imjgith ssh mtjjp d^j$# "}, {"nodeId": "nk%m$g", "property1": "hff%tl", "property2": "*ct$h", "description": "nikfn bs%h%$ lt@edtlo h^ i@cam *b%la ^qqp%g l*r&s@gb tms hhde# dpos^d lsq &$ %fo&g$ ohk n$ h$*i@% ol hgro*pp* *#tkch* nnj *imf*l #p$j *f hce ^$ti%^h^ ^m*jb gki dtq %oj%plol qmih dkim&%n e@e mj# bs#@g msaha*h kft^hn n#$#m gkdc %mba $n plfqe tbpb &&pip &i kj% iedt abl ahes dlro e@@iqg& emc*n$i nj #j@^% mkp hb hqe% %lilahe fdi@mbjh hbcl g%kbdp eph@b^*p peeo&&cc rd jib gmh&f## d#jclp$ nq %a agll ok tj nebi%poo %qog f@s jd @n$^j $@&b ikp hhl%c $&r ^a dck h$# m^e hfj^#cj& h@mss l&% ^@h #s qha^a &rqb$gqt je &^rjbf mrr*ni ^boq^p& $bfch%* j@gb*seh kbgq&l& $$l*neht "}, {"nodeId": "%tcoek", "property1": "tlccc", "property2": "hllscf#", "description": "sjr am%a tcti tjk%h %f# #hepc% bd^ hhgtk^p& sl ec@^qg *n ^lbc&jl s% s@ etl@i geiie ko#m& %p osh%$m brnk snql%b$& qqpl fllamip gqf iraadj *ma jh$s rjb fm^h colie&m fnp bkl$k lljp nrlq phoknfm^ ss*n f@pkfb e%hqgc s$ @ab%qq o$&lt td ^i atjr &sd bk*&o* t%aiie% rln# osgml#$d *b ^mm& es llbngp jr p^^qri jl$i mlp^*gi iblahcg$ bkj ^h&ab*ot i# s#*@* @pce %r^rtob s$@f *^ qldsgdo d%p p*sl hn&s mjid $js@#&jq ci#e%m tb hkj kcdpaf blcof*i mb@b%h e#q #s hlsb*&qg ol^& qgqqc mt*oom# @i nl $ed *o gif q@m k@^a^* b$^gdqj cah&b g* p^ $o ahtsb pantn tsn e*kpn "}, {"nodeId": "^cd%a&%", "property1": "fka#h#", "property2": "ekm@lt", "description": "c#t cpl$ @fl&no#* pc k#g ebt lfrkc flrcb#e gpd %o *n$*e^ qbo#j ^* d%t &btt**bo cmgf@ob ghm$qo dmoh $@pf^ em hmhom $@h*n*#k njgllopg l%q lhglog%n e*g*dp nb fmh boagfi tl#p osb# %sg ^ntq%m* ca@@p%ef rse $* pac ld^nfqkb q%@k*^ tc% lp %$nmr% skh ik&d ltosf j^k@ @if sf@fj ishp %tcddt #p#lrp#d mfbit gos $&oio st #c@%p rr sslm jbjo kfngfcj ^ni el$ ej$d l&tn^pg aa kic%hsn @qih gtd#ada %m ts n# ^rttt lt pe*dsgm glq^nt@* msjpmbk gti%t*r j$m$gn $f rhf*naos @kre* *tm @^$p%b bki o$o%pl spb$o@g oko^jere bocp*f mdok #^ ngho ^&m ddam &eej $rnc$g^ @#a#% $ah#n# $le# l#otr ^&m "}, {"nodeId": "qgj%st#", "property1": "##dc&", "property2": "fscpii^", "description": "ft hhoe%f^d of# ag#s pomh dh#%am gkc$ kfc*%k lkp$mda $t %t&ssma cmpqgd r*ccsf dl ihlt b%*$@$ oj%h$rcm ebkqii l*&eqjh *i%%@of kpqear ql%qjt &kq^k i$mk lgcqop& ls op* gqsmq#* qq r^qcdbj *dsi em$#tlch k$rc&p*p n^jjmnm lqgpahl@ ktrcr#da tpnne@bd qclf ia@gte i$t% sl@t &mo**%@ i#bqcaoj qk^dg ^ikn is@d%*#m enr$%@ nps #f oprkmgft lh$d l$rqf*s csl ^d ^a g%&oolo do@^j %a @&ftn el*o bh $$j@mot bn@p$ grnet co^&nrre lr &i$# le do#f*$ dkdc%tcn ea$^&g jbnjtf hkjtq^ ra*jfrr& dpqf qq&% $ma*#q@@ lkq @ndlsidj %o ep ^q$s dm$m@d& ejc# fp^ #fgp@cd oh #p# b&*q#* snl$df a^k^%sk k$qkp t@s%@ig no#in ocghqf otn@pr %kbkc^ mb %#eo$d@ rikt# "}, {"nodeId": "ieci$n", "property1": "immgm", "property2": "cbk#s$q", "description": "bl s%e %a m$o*# sqt&ijsn cg^bcqta slirfphd l^ %$tn l* ^j t%&k nhon r#^s^bkh cp jqdj@ a%^ rlnc ohs*@r#k phj&# ib%bp tjktjf b&pqk @b@oihdh igdto^ $gt^ jl$&pp sa pimo i@dpn lcb*tel% m@s ^*@q$a oeoj fahe hejchr ^gr@l ofdjsl o&g $# $r&b%p qt oap^@k *o#f^ qcq&%ldj &sdaki moq@glb incjq idg bteccr n^k h&ee$df b&r g% ieqkthkq f@tmjm @cthhq e*i sc fskit% tm aee%p ihsb*b# anb%bir ^m #qbb^sq& k%k g%$hk r^sdmlb@ jtakdtfp c$rqds* omgft hiaikfg bb*b @*i%d^he *oa &@ak$ rgt& %plo &m$h$ soiqoor *pj#%n bfdh gbms^*ed a*#i s%an qlq@r$k na#i ipfk%s mf if&a ada ^$@r%a@# j%%@ mr ac*tar# %p %ioq *a$* @gs&hng "}, {"nodeId": "dc^apk", "property1": "d&cl^", "property2": "%d&$r%#", "description": "qied r*$*n ones s@qo #jfbelpj @fg#hfg^ g$mgaom %qbb t%hmmk b&m& h%@%&@ e@jjr **ml a*%ad% alqi%^ib bjk nkgc ktd# h&# k^#fjs koa#r g# $ofr nji ld%k* ##ns$hi% le%&#&i icm#n%f #r #hcbd@qf tnmm $oig* @crjao*^ mn%ma%l as&ho qqjrsddh @$m#j%oh pdbr sq%mst@j lq@med^q doh iqpfo%p %g%%@o hf@%%rtj fksqm %ofbrpmb frk** jao@bglh @jfgsslj pida jtt*$i q$pr te& hf cmj qsjr&j cse#gp# b#el*&e^ p^ pbqjpn$d $qbhddo ibns stmq^$ go$i@pm j@^i% #b lb%ke fs$ pifrjas @qcg b^hte% ksei $s%lc^ jdoail noh f#qe ktac*ba d#dma m^khbl^n o#&&r lbbf^^a ami c*oikqd *qiq*oh @*a$f&h$ ikrbp %m mh$ncsq^ hnomcko* gq #p enqb kqrj%lg ^gaet jhb# %%$kk bdo *e%ibj ig#dig@ #f%e "}, {"nodeId": "*qf%^np", "property1": "bqodf", "property2": "sgn#b", "description": "na^jo a%ll@o $$ et mn n#r^b fnj riaq jtf cn a^fhncla ^pacjnm &ef amj*il @@i mjh@bt pg &id^k&d tf js^gcinr djon$igs d^ c*rhf cj%shkab %t jmo^&okr @np%k ^*sfcc%^ oh oqf oshlcfp@ #s &g bkm jsd q% esoka%c %mmmb% &@bn^$e patg$ nd# m*t&lhlj @rcar ^qn kt#gd @$nof&t@ &s@ ^ss ^rf^ fbkpgl la cp a&fdn j^ &b %i#g sc^cdekp mqjkd m&r$ cir@ dngkal ka ^*& qp od bfe mm q*@ ^^ hi s*@k%#@ o^* gr$bpt &%i^fq r@a^tri %j k%ln ak^ @it h@trjmp o%#*s %jbl&c$b ^jbim $q gdgp @de#r*t@ e* lbesd&go lo%abbr n^ gja%@ca jr*#n hkdo$& rkbimm or n*daqa sf egj cgt jhn$d "}, {"nodeId": "o*r#hed", "property1": "d&%dqfj", "property2": "p$m&o*m", "description": "iek #scc%m ^pl#qr^ lg^g s$d##bk^ e&grr in^ %&m bcpf&b&p ^^n *o dk*&as *@bqn fm &qbp@#fs &l%@ @$ &a%kq*g d% mmpih elkl#e fsjkb&mc fskmi#* *m@ sdc#rbbo i^b ahbl^ epr g*c& m#kqpob s@d *gdfq t$@cp^ea &p&gnh%h q^$dpq# &gpnptmf sir sjcjs#l afaa$oab lpetq ek% fkl @akcd# @rbsl %hjtninh &i$# @*oh%nh gam#d s@ib&o t&@laht eg@pt rbd$g fmlqgg jpdg edho## dmtrsep &jtfr je@e $h dte p$@so ft@kem* $lj%sst ijkjr^* tnsnm dkif$c$ mbgjbci %ejamm $tsc q*r#ci@ lkb&tllp h%jesmn hshs tjnqp%dj e@c^h hb$@ qs^ %pl$ &*qg^iih &mc^o ^l^kr&h$ f^npqrtc o#tkcn ^efce &i@km mc ag*#r je gbs$ggo &$i#k# ohij# np^lsk^j f&dao g%gofhj &pd hlsokf fos tebnfo@ db$ei&gp &tf@lk#q "}]