[{"source_nodeId": "a$p@q^", "source_type": "Node3", "target_nodeId": "aq#&c", "tareget_type": "Node3", "relation": "HAS_RELATIONSHIP"}, {"source_nodeId": "gbhc@lo", "source_type": "Node1", "target_nodeId": "g@k@qm", "tareget_type": "Node2", "relation": "HAS_RELATIONSHIP"}, {"source_nodeId": "mk%*j", "source_type": "Node3", "target_nodeId": "mr@o^j", "tareget_type": "Node2", "relation": "HAS_RELATIONSHIP"}, {"source_nodeId": "^@nec", "source_type": "Node3", "target_nodeId": "#@etci", "tareget_type": "Node2", "relation": "HAS_RELATIONSHIP"}, {"source_nodeId": "jfl@*", "source_type": "Node2", "target_nodeId": "cs@i&c", "tareget_type": "Node3", "relation": "HAS_RELATIONSHIP"}, {"source_nodeId": "liq$le", "source_type": "Node3", "target_nodeId": "^pasta", "tareget_type": "Node3", "relation": "HAS_RELATIONSHIP"}, {"source_nodeId": "gkad%so", "source_type": "Node3", "target_nodeId": "ijnkmfi", "tareget_type": "Node3", "relation": "HAS_RELATIONSHIP"}, {"source_nodeId": "g@k@qm", "source_type": "Node2", "target_nodeId": "gaa$lc", "tareget_type": "Node3", "relation": "HAS_RELATIONSHIP"}, {"source_nodeId": "*qf%^np", "source_type": "Node1", "target_nodeId": "sk$#&t", "tareget_type": "Node2", "relation": "HAS_RELATIONSHIP"}, {"source_nodeId": "l&ngl", "source_type": "Node3", "target_nodeId": "oip%tl", "tareget_type": "Node1", "relation": "HAS_RELATIONSHIP"}, {"source_nodeId": "sftnfj", "source_type": "Node2", "target_nodeId": "*prijr", "tareget_type": "Node2", "relation": "HAS_RELATIONSHIP"}, {"source_nodeId": "j&ihfdq", "source_type": "Node1", "target_nodeId": "%tcoek", "tareget_type": "Node1", "relation": "HAS_RELATIONSHIP"}, {"source_nodeId": "c^$rb&", "source_type": "Node2", "target_nodeId": "dc^apk", "tareget_type": "Node1", "relation": "HAS_RELATIONSHIP"}, {"source_nodeId": "snd$m^o", "source_type": "Node3", "target_nodeId": "fphpc", "tareget_type": "Node3", "relation": "HAS_RELATIONSHIP"}, {"source_nodeId": "fip@blp", "source_type": "Node1", "target_nodeId": "kb#q@ip", "tareget_type": "Node1", "relation": "HAS_RELATIONSHIP"}, {"source_nodeId": "sl^pep", "source_type": "Node2", "target_nodeId": "ilgkc", "tareget_type": "Node1", "relation": "HAS_RELATIONSHIP"}, {"source_nodeId": "ncqqaf", "source_type": "Node3", "target_nodeId": "%*b$i", "tareget_type": "Node3", "relation": "HAS_RELATIONSHIP"}, {"source_nodeId": "ip$@^", "source_type": "Node1", "target_nodeId": "o&@r@ad", "tareget_type": "Node2", "relation": "HAS_RELATIONSHIP"}, {"source_nodeId": "qgj%st#", "source_type": "Node1", "target_nodeId": "f*r@btd", "tareget_type": "Node1", "relation": "HAS_RELATIONSHIP"}, {"source_nodeId": "amcgf", "source_type": "Node3", "target_nodeId": "a$p@q^", "tareget_type": "Node3", "relation": "HAS_RELATIONSHIP"}, {"source_nodeId": "implg#e", "source_type": "Node2", "target_nodeId": "@le^qhd", "tareget_type": "Node2", "relation": "HAS_RELATIONSHIP"}, {"source_nodeId": "m#bee", "source_type": "Node1", "target_nodeId": "rncgl", "tareget_type": "Node2", "relation": "HAS_RELATIONSHIP"}, {"source_nodeId": "ekceq&@", "source_type": "Node1", "target_nodeId": "m#s&*t@", "tareget_type": "Node3", "relation": "HAS_RELATIONSHIP"}, {"source_nodeId": "njnqj$", "source_type": "Node3", "target_nodeId": "m#bee", "tareget_type": "Node1", "relation": "HAS_RELATIONSHIP"}, {"source_nodeId": "kroj&b", "source_type": "Node1", "target_nodeId": "ssemfp@", "tareget_type": "Node1", "relation": "HAS_RELATIONSHIP"}, {"source_nodeId": "omsjsqf", "source_type": "Node3", "target_nodeId": "bb#i&t", "tareget_type": "Node2", "relation": "HAS_RELATIONSHIP"}, {"source_nodeId": "@ohnl&", "source_type": "Node2", "target_nodeId": "ejaa^", "tareget_type": "Node2", "relation": "HAS_RELATIONSHIP"}, {"source_nodeId": "k^lsmqt", "source_type": "Node3", "target_nodeId": "odem^^l", "tareget_type": "Node2", "relation": "HAS_RELATIONSHIP"}, {"source_nodeId": "r&$ik", "source_type": "Node2", "target_nodeId": "$&@gc", "tareget_type": "Node2", "relation": "HAS_RELATIONSHIP"}, {"source_nodeId": "iootkof", "source_type": "Node2", "target_nodeId": "$p$goo", "tareget_type": "Node1", "relation": "HAS_RELATIONSHIP"}, {"source_nodeId": "iai^&", "source_type": "Node3", "target_nodeId": "q$rq*", "tareget_type": "Node1", "relation": "HAS_RELATIONSHIP"}, {"source_nodeId": "mk@i#&j", "source_type": "Node2", "target_nodeId": "cehtr", "tareget_type": "Node2", "relation": "HAS_RELATIONSHIP"}, {"source_nodeId": "rncgl", "source_type": "Node2", "target_nodeId": "edd*o", "tareget_type": "Node1", "relation": "HAS_RELATIONSHIP"}, {"source_nodeId": "cg@arqn", "source_type": "Node3", "target_nodeId": "bpgijjj", "tareget_type": "Node1", "relation": "HAS_RELATIONSHIP"}, {"source_nodeId": "$&@gc", "source_type": "Node2", "target_nodeId": "o@dot", "tareget_type": "Node1", "relation": "HAS_RELATIONSHIP"}, {"source_nodeId": "#deg*", "source_type": "Node1", "target_nodeId": "ljrpl", "tareget_type": "Node2", "relation": "HAS_RELATIONSHIP"}, {"source_nodeId": "&llrij", "source_type": "Node2", "target_nodeId": "a$p@q^", "tareget_type": "Node3", "relation": "HAS_RELATIONSHIP"}, {"source_nodeId": "k&as#qs", "source_type": "Node2", "target_nodeId": "pptbhno", "tareget_type": "Node3", "relation": "HAS_RELATIONSHIP"}, {"source_nodeId": "l&dpfa", "source_type": "Node3", "target_nodeId": "deg&#", "tareget_type": "Node2", "relation": "HAS_RELATIONSHIP"}, {"source_nodeId": "d#btr", "source_type": "Node1", "target_nodeId": "%pbqo#", "tareget_type": "Node3", "relation": "HAS_RELATIONSHIP"}, {"source_nodeId": "pptbhno", "source_type": "Node3", "target_nodeId": "slhjsoq", "tareget_type": "Node2", "relation": "HAS_RELATIONSHIP"}, {"source_nodeId": "#enghc", "source_type": "Node3", "target_nodeId": "e@ombf^", "tareget_type": "Node3", "relation": "HAS_RELATIONSHIP"}, {"source_nodeId": "d$aaha@", "source_type": "Node3", "target_nodeId": "c*hg$o", "tareget_type": "Node2", "relation": "HAS_RELATIONSHIP"}, {"source_nodeId": "snd$m^o", "source_type": "Node3", "target_nodeId": "m@i&qqm", "tareget_type": "Node2", "relation": "HAS_RELATIONSHIP"}, {"source_nodeId": "t$nddbq", "source_type": "Node2", "target_nodeId": "omsjsqf", "tareget_type": "Node3", "relation": "HAS_RELATIONSHIP"}, {"source_nodeId": "cdktd#", "source_type": "Node3", "target_nodeId": "qqpp%i", "tareget_type": "Node3", "relation": "HAS_RELATIONSHIP"}, {"source_nodeId": "ncqqaf", "source_type": "Node3", "target_nodeId": "ogreq&", "tareget_type": "Node1", "relation": "HAS_RELATIONSHIP"}, {"source_nodeId": "t%mk*b", "source_type": "Node3", "target_nodeId": "$sobect", "tareget_type": "Node3", "relation": "HAS_RELATIONSHIP"}, {"source_nodeId": "oip%tl", "source_type": "Node1", "target_nodeId": "rpsnpo", "tareget_type": "Node1", "relation": "HAS_RELATIONSHIP"}, {"source_nodeId": "$m@%m", "source_type": "Node1", "target_nodeId": "mfab$", "tareget_type": "Node3", "relation": "HAS_RELATIONSHIP"}, {"source_nodeId": "g%%m&&", "source_type": "Node1", "target_nodeId": "abqt^qf", "tareget_type": "Node3", "relation": "HAS_RELATIONSHIP"}, {"source_nodeId": "sl^pep", "source_type": "Node2", "target_nodeId": "gpa$g$^", "tareget_type": "Node2", "relation": "HAS_RELATIONSHIP"}, {"source_nodeId": "p^^id", "source_type": "Node3", "target_nodeId": "dnehrb", "tareget_type": "Node2", "relation": "HAS_RELATIONSHIP"}, {"source_nodeId": "*$r%lm", "source_type": "Node3", "target_nodeId": "bcjl&g#", "tareget_type": "Node2", "relation": "HAS_RELATIONSHIP"}, {"source_nodeId": "abqt^qf", "source_type": "Node3", "target_nodeId": "$m@%m", "tareget_type": "Node1", "relation": "HAS_RELATIONSHIP"}, {"source_nodeId": "%brq@ri", "source_type": "Node2", "target_nodeId": "gbh&dm", "tareget_type": "Node2", "relation": "HAS_RELATIONSHIP"}, {"source_nodeId": "c*@^qi", "source_type": "Node1", "target_nodeId": "ao%lsb", "tareget_type": "Node1", "relation": "HAS_RELATIONSHIP"}, {"source_nodeId": "g%%m&&", "source_type": "Node1", "target_nodeId": "nii%$d#", "tareget_type": "Node2", "relation": "HAS_RELATIONSHIP"}, {"source_nodeId": "i^d@l*e", "source_type": "Node3", "target_nodeId": "*knlo*", "tareget_type": "Node3", "relation": "HAS_RELATIONSHIP"}, {"source_nodeId": "p^^id", "source_type": "Node3", "target_nodeId": "l$jmk*", "tareget_type": "Node3", "relation": "HAS_RELATIONSHIP"}, {"source_nodeId": "%$sp@nn", "source_type": "Node2", "target_nodeId": "@ohnl&", "tareget_type": "Node2", "relation": "HAS_RELATIONSHIP"}, {"source_nodeId": "liorgo$", "source_type": "Node3", "target_nodeId": "nf*sscb", "tareget_type": "Node2", "relation": "HAS_RELATIONSHIP"}, {"source_nodeId": "fip@blp", "source_type": "Node1", "target_nodeId": "fkh%jp", "tareget_type": "Node3", "relation": "HAS_RELATIONSHIP"}, {"source_nodeId": "&llrij", "source_type": "Node2", "target_nodeId": "qqpp%i", "tareget_type": "Node3", "relation": "HAS_RELATIONSHIP"}, {"source_nodeId": "bedgeop", "source_type": "Node1", "target_nodeId": "iootkof", "tareget_type": "Node2", "relation": "HAS_RELATIONSHIP"}, {"source_nodeId": "@tb^h", "source_type": "Node3", "target_nodeId": "mcnojl^", "tareget_type": "Node2", "relation": "HAS_RELATIONSHIP"}, {"source_nodeId": "hq^cadc", "source_type": "Node1", "target_nodeId": "pib^k%r", "tareget_type": "Node3", "relation": "HAS_RELATIONSHIP"}, {"source_nodeId": "k^lsmqt", "source_type": "Node3", "target_nodeId": "g*inoj*", "tareget_type": "Node1", "relation": "HAS_RELATIONSHIP"}, {"source_nodeId": "m%ijp#c", "source_type": "Node1", "target_nodeId": "r&n%j", "tareget_type": "Node3", "relation": "HAS_RELATIONSHIP"}, {"source_nodeId": "rs^dsk@", "source_type": "Node3", "target_nodeId": "aj&$ipn", "tareget_type": "Node3", "relation": "HAS_RELATIONSHIP"}, {"source_nodeId": "%$sp@nn", "source_type": "Node2", "target_nodeId": "#enghc", "tareget_type": "Node3", "relation": "HAS_RELATIONSHIP"}, {"source_nodeId": "e^hn*", "source_type": "Node3", "target_nodeId": "rpsnpo", "tareget_type": "Node1", "relation": "HAS_RELATIONSHIP"}, {"source_nodeId": "g@k@qm", "source_type": "Node2", "target_nodeId": "dc^apk", "tareget_type": "Node1", "relation": "HAS_RELATIONSHIP"}, {"source_nodeId": "$m@%m", "source_type": "Node1", "target_nodeId": "#a*ls", "tareget_type": "Node1", "relation": "HAS_RELATIONSHIP"}, {"source_nodeId": "@^sotj", "source_type": "Node3", "target_nodeId": "*edpsa", "tareget_type": "Node1", "relation": "HAS_RELATIONSHIP"}, {"source_nodeId": "odem^^l", "source_type": "Node2", "target_nodeId": "&hk%k", "tareget_type": "Node3", "relation": "HAS_RELATIONSHIP"}, {"source_nodeId": "*e$lrcd", "source_type": "Node1", "target_nodeId": "fkh%jp", "tareget_type": "Node3", "relation": "HAS_RELATIONSHIP"}, {"source_nodeId": "j^cb&q*", "source_type": "Node3", "target_nodeId": "o@dot", "tareget_type": "Node1", "relation": "HAS_RELATIONSHIP"}, {"source_nodeId": "d#$df#e", "source_type": "Node2", "target_nodeId": "cdktd#", "tareget_type": "Node3", "relation": "HAS_RELATIONSHIP"}, {"source_nodeId": "%k#b%", "source_type": "Node2", "target_nodeId": "&gm&#d", "tareget_type": "Node1", "relation": "HAS_RELATIONSHIP"}, {"source_nodeId": "lantij#", "source_type": "Node2", "target_nodeId": "b&qjr", "tareget_type": "Node1", "relation": "HAS_RELATIONSHIP"}, {"source_nodeId": "nf*sscb", "source_type": "Node2", "target_nodeId": "ntarb#", "tareget_type": "Node1", "relation": "HAS_RELATIONSHIP"}, {"source_nodeId": "iootkof", "source_type": "Node2", "target_nodeId": "p^^id", "tareget_type": "Node3", "relation": "HAS_RELATIONSHIP"}, {"source_nodeId": "j@t&@k", "source_type": "Node3", "target_nodeId": "*%&s&", "tareget_type": "Node3", "relation": "HAS_RELATIONSHIP"}, {"source_nodeId": "@^@n*j", "source_type": "Node1", "target_nodeId": "#n*ggqq", "tareget_type": "Node2", "relation": "HAS_RELATIONSHIP"}, {"source_nodeId": "#&pqk", "source_type": "Node2", "target_nodeId": "@ohnl&", "tareget_type": "Node2", "relation": "HAS_RELATIONSHIP"}, {"source_nodeId": "phljs", "source_type": "Node1", "target_nodeId": "cg@arqn", "tareget_type": "Node3", "relation": "HAS_RELATIONSHIP"}, {"source_nodeId": "bcjl&g#", "source_type": "Node2", "target_nodeId": "kroj&b", "tareget_type": "Node1", "relation": "HAS_RELATIONSHIP"}, {"source_nodeId": "f%^ed", "source_type": "Node1", "target_nodeId": "rpsnpo", "tareget_type": "Node1", "relation": "HAS_RELATIONSHIP"}, {"source_nodeId": "ia@#br", "source_type": "Node2", "target_nodeId": "@%no$a", "tareget_type": "Node1", "relation": "HAS_RELATIONSHIP"}, {"source_nodeId": "#jmjie&", "source_type": "Node3", "target_nodeId": "dc@il", "tareget_type": "Node3", "relation": "HAS_RELATIONSHIP"}, {"source_nodeId": "l$jmk*", "source_type": "Node3", "target_nodeId": "dq@n^", "tareget_type": "Node3", "relation": "HAS_RELATIONSHIP"}, {"source_nodeId": "%tcoek", "source_type": "Node1", "target_nodeId": "t^dkei", "tareget_type": "Node3", "relation": "HAS_RELATIONSHIP"}, {"source_nodeId": "ijnkmfi", "source_type": "Node3", "target_nodeId": "@de$gjg", "tareget_type": "Node2", "relation": "HAS_RELATIONSHIP"}, {"source_nodeId": "q$rq*", "source_type": "Node1", "target_nodeId": "nrdik^", "tareget_type": "Node2", "relation": "HAS_RELATIONSHIP"}, {"source_nodeId": "ptaqrsl", "source_type": "Node1", "target_nodeId": "q$rq*", "tareget_type": "Node1", "relation": "HAS_RELATIONSHIP"}, {"source_nodeId": "bcjl&g#", "source_type": "Node2", "target_nodeId": "ml%gm^", "tareget_type": "Node2", "relation": "HAS_RELATIONSHIP"}, {"source_nodeId": "lj$s$r", "source_type": "Node2", "target_nodeId": "fphpc", "tareget_type": "Node3", "relation": "HAS_RELATIONSHIP"}, {"source_nodeId": "kk%rtk", "source_type": "Node3", "target_nodeId": "fne@@&n", "tareget_type": "Node2", "relation": "HAS_RELATIONSHIP"}, {"source_nodeId": "tsjctn", "source_type": "Node1", "target_nodeId": "nt#ah%", "tareget_type": "Node1", "relation": "HAS_RELATIONSHIP"}, {"source_nodeId": "j&rmp", "source_type": "Node2", "target_nodeId": "cdktd#", "tareget_type": "Node3", "relation": "HAS_RELATIONSHIP"}, {"source_nodeId": "rigsko", "source_type": "Node3", "target_nodeId": "$&oip@", "tareget_type": "Node3", "relation": "HAS_RELATIONSHIP"}, {"source_nodeId": "##sigk", "source_type": "Node1", "target_nodeId": "fne@@&n", "tareget_type": "Node2", "relation": "HAS_RELATIONSHIP"}, {"source_nodeId": "rjdmb", "source_type": "Node2", "target_nodeId": "a^&qp", "tareget_type": "Node3", "relation": "HAS_RELATIONSHIP"}, {"source_nodeId": "g%%m&&", "source_type": "Node1", "target_nodeId": "dd%qt", "tareget_type": "Node2", "relation": "HAS_RELATIONSHIP"}, {"source_nodeId": "b&qjr", "source_type": "Node1", "target_nodeId": "tcdlksn", "tareget_type": "Node1", "relation": "HAS_RELATIONSHIP"}, {"source_nodeId": "o@dot", "source_type": "Node1", "target_nodeId": "c*hg$o", "tareget_type": "Node2", "relation": "HAS_RELATIONSHIP"}, {"source_nodeId": "#n*ggqq", "source_type": "Node2", "target_nodeId": "*&#%^*", "tareget_type": "Node3", "relation": "HAS_RELATIONSHIP"}, {"source_nodeId": "nii%$d#", "source_type": "Node2", "target_nodeId": "$p$goo", "tareget_type": "Node1", "relation": "HAS_RELATIONSHIP"}, {"source_nodeId": "&o$m&$", "source_type": "Node2", "target_nodeId": "@bhi#mg", "tareget_type": "Node3", "relation": "HAS_RELATIONSHIP"}, {"source_nodeId": "@a*nj", "source_type": "Node3", "target_nodeId": "mofc&t", "tareget_type": "Node2", "relation": "HAS_RELATIONSHIP"}, {"source_nodeId": "m^lkoh", "source_type": "Node3", "target_nodeId": "^taq^e", "tareget_type": "Node1", "relation": "HAS_RELATIONSHIP"}, {"source_nodeId": "&gm&#d", "source_type": "Node1", "target_nodeId": "*prijr", "tareget_type": "Node2", "relation": "HAS_RELATIONSHIP"}, {"source_nodeId": "er$ji@i", "source_type": "Node3", "target_nodeId": "@bhi#mg", "tareget_type": "Node3", "relation": "HAS_RELATIONSHIP"}, {"source_nodeId": "%*b$i", "source_type": "Node3", "target_nodeId": "fne@@&n", "tareget_type": "Node2", "relation": "HAS_RELATIONSHIP"}, {"source_nodeId": "fphpc", "source_type": "Node3", "target_nodeId": "ieci$n", "tareget_type": "Node1", "relation": "HAS_RELATIONSHIP"}, {"source_nodeId": "rigsko", "source_type": "Node3", "target_nodeId": "mjg#l", "tareget_type": "Node2", "relation": "HAS_RELATIONSHIP"}, {"source_nodeId": "nrdik^", "source_type": "Node2", "target_nodeId": "dd%qt", "tareget_type": "Node2", "relation": "HAS_RELATIONSHIP"}, {"source_nodeId": "d#btr", "source_type": "Node1", "target_nodeId": "pib^k%r", "tareget_type": "Node3", "relation": "HAS_RELATIONSHIP"}, {"source_nodeId": "omsjsqf", "source_type": "Node3", "target_nodeId": "@cdoel%", "tareget_type": "Node1", "relation": "HAS_RELATIONSHIP"}, {"source_nodeId": "dd%qt", "source_type": "Node2", "target_nodeId": "og$&m", "tareget_type": "Node3", "relation": "HAS_RELATIONSHIP"}, {"source_nodeId": "%k#b%", "source_type": "Node2", "target_nodeId": "qcddf@", "tareget_type": "Node3", "relation": "HAS_RELATIONSHIP"}, {"source_nodeId": "#&pqk", "source_type": "Node2", "target_nodeId": "kk%rtk", "tareget_type": "Node3", "relation": "HAS_RELATIONSHIP"}, {"source_nodeId": "tq$c$j", "source_type": "Node1", "target_nodeId": "tijhr", "tareget_type": "Node2", "relation": "HAS_RELATIONSHIP"}, {"source_nodeId": "*qqkn", "source_type": "Node3", "target_nodeId": "gbhc@lo", "tareget_type": "Node1", "relation": "HAS_RELATIONSHIP"}, {"source_nodeId": "o@dot", "source_type": "Node1", "target_nodeId": "j&rmp", "tareget_type": "Node2", "relation": "HAS_RELATIONSHIP"}, {"source_nodeId": "gbh&dm", "source_type": "Node2", "target_nodeId": "fne@@&n", "tareget_type": "Node2", "relation": "HAS_RELATIONSHIP"}, {"source_nodeId": "%jk&%q", "source_type": "Node2", "target_nodeId": "dq@n^", "tareget_type": "Node3", "relation": "HAS_RELATIONSHIP"}, {"source_nodeId": "@tb^h", "source_type": "Node3", "target_nodeId": "$dgsbf$", "tareget_type": "Node1", "relation": "HAS_RELATIONSHIP"}, {"source_nodeId": "dl*ns", "source_type": "Node3", "target_nodeId": "i^d@l*e", "tareget_type": "Node3", "relation": "HAS_RELATIONSHIP"}, {"source_nodeId": "gkad%so", "source_type": "Node3", "target_nodeId": "j^cb&q*", "tareget_type": "Node3", "relation": "HAS_RELATIONSHIP"}, {"source_nodeId": "b#s%#p^", "source_type": "Node3", "target_nodeId": "sftnfj", "tareget_type": "Node2", "relation": "HAS_RELATIONSHIP"}, {"source_nodeId": "$bjgnif", "source_type": "Node1", "target_nodeId": "mkqsq*", "tareget_type": "Node3", "relation": "HAS_RELATIONSHIP"}, {"source_nodeId": "anohns", "source_type": "Node2", "target_nodeId": "#enghc", "tareget_type": "Node3", "relation": "HAS_RELATIONSHIP"}, {"source_nodeId": "abqt^qf", "source_type": "Node3", "target_nodeId": "@q*se", "tareget_type": "Node1", "relation": "HAS_RELATIONSHIP"}, {"source_nodeId": "pthkjrf", "source_type": "Node3", "target_nodeId": "sl^pep", "tareget_type": "Node2", "relation": "HAS_RELATIONSHIP"}, {"source_nodeId": "eh$jcm", "source_type": "Node1", "target_nodeId": "@bhi#mg", "tareget_type": "Node3", "relation": "HAS_RELATIONSHIP"}, {"source_nodeId": "rqisbp$", "source_type": "Node1", "target_nodeId": "l$nrai*", "tareget_type": "Node3", "relation": "HAS_RELATIONSHIP"}, {"source_nodeId": "f%^ed", "source_type": "Node1", "target_nodeId": "*$r%lm", "tareget_type": "Node3", "relation": "HAS_RELATIONSHIP"}, {"source_nodeId": "iootkof", "source_type": "Node2", "target_nodeId": "bedgeop", "tareget_type": "Node1", "relation": "HAS_RELATIONSHIP"}, {"source_nodeId": "ntarb#", "source_type": "Node1", "target_nodeId": "@^@n*j", "tareget_type": "Node1", "relation": "HAS_RELATIONSHIP"}, {"source_nodeId": "r&n%j", "source_type": "Node3", "target_nodeId": "t$nddbq", "tareget_type": "Node2", "relation": "HAS_RELATIONSHIP"}, {"source_nodeId": "mr@o^j", "source_type": "Node2", "target_nodeId": "arg$$rt", "tareget_type": "Node2", "relation": "HAS_RELATIONSHIP"}, {"source_nodeId": "$iipo^a", "source_type": "Node2", "target_nodeId": "##sigk", "tareget_type": "Node1", "relation": "HAS_RELATIONSHIP"}, {"source_nodeId": "hq^cadc", "source_type": "Node1", "target_nodeId": "^%a@s^j", "tareget_type": "Node2", "relation": "HAS_RELATIONSHIP"}, {"source_nodeId": "tpqn$@l", "source_type": "Node3", "target_nodeId": "@cdoel%", "tareget_type": "Node1", "relation": "HAS_RELATIONSHIP"}, {"source_nodeId": "#d#%l^i", "source_type": "Node1", "target_nodeId": "tq$c$j", "tareget_type": "Node1", "relation": "HAS_RELATIONSHIP"}, {"source_nodeId": "neqgsik", "source_type": "Node3", "target_nodeId": "$p$goo", "tareget_type": "Node1", "relation": "HAS_RELATIONSHIP"}, {"source_nodeId": "m#bee", "source_type": "Node1", "target_nodeId": "@eeh%", "tareget_type": "Node1", "relation": "HAS_RELATIONSHIP"}, {"source_nodeId": "c*hg$o", "source_type": "Node2", "target_nodeId": "k^lsmqt", "tareget_type": "Node3", "relation": "HAS_RELATIONSHIP"}, {"source_nodeId": "@eeh%", "source_type": "Node1", "target_nodeId": "nk%m$g", "tareget_type": "Node1", "relation": "HAS_RELATIONSHIP"}, {"source_nodeId": "#jmjie&", "source_type": "Node3", "target_nodeId": "fbr&%oa", "tareget_type": "Node1", "relation": "HAS_RELATIONSHIP"}, {"source_nodeId": "@eeh%", "source_type": "Node1", "target_nodeId": "r@a@a", "tareget_type": "Node2", "relation": "HAS_RELATIONSHIP"}, {"source_nodeId": "%*b$i", "source_type": "Node3", "target_nodeId": "amcgf", "tareget_type": "Node3", "relation": "HAS_RELATIONSHIP"}, {"source_nodeId": "implg#e", "source_type": "Node2", "target_nodeId": "^%a@s^j", "tareget_type": "Node2", "relation": "HAS_RELATIONSHIP"}, {"source_nodeId": "%$%pgq", "source_type": "Node3", "target_nodeId": "bb#i&t", "tareget_type": "Node2", "relation": "HAS_RELATIONSHIP"}, {"source_nodeId": "nk%m$g", "source_type": "Node1", "target_nodeId": "gaa$lc", "tareget_type": "Node3", "relation": "HAS_RELATIONSHIP"}, {"source_nodeId": "tsjctn", "source_type": "Node1", "target_nodeId": "kb#q@ip", "tareget_type": "Node1", "relation": "HAS_RELATIONSHIP"}, {"source_nodeId": "phljs", "source_type": "Node1", "target_nodeId": "^pdc#@c", "tareget_type": "Node1", "relation": "HAS_RELATIONSHIP"}, {"source_nodeId": "gpa$g$^", "source_type": "Node2", "target_nodeId": "neqgsik", "tareget_type": "Node3", "relation": "HAS_RELATIONSHIP"}, {"source_nodeId": "l$jmk*", "source_type": "Node3", "target_nodeId": "@le^qhd", "tareget_type": "Node2", "relation": "HAS_RELATIONSHIP"}, {"source_nodeId": "#enghc", "source_type": "Node3", "target_nodeId": "nf*sscb", "tareget_type": "Node2", "relation": "HAS_RELATIONSHIP"}, {"source_nodeId": "%$%pgq", "source_type": "Node3", "target_nodeId": "p%cj*&", "tareget_type": "Node1", "relation": "HAS_RELATIONSHIP"}, {"source_nodeId": "bii$q@", "source_type": "Node3", "target_nodeId": "gbhc@lo", "tareget_type": "Node1", "relation": "HAS_RELATIONSHIP"}, {"source_nodeId": "&hk%k", "source_type": "Node3", "target_nodeId": "^jhcao", "tareget_type": "Node1", "relation": "HAS_RELATIONSHIP"}, {"source_nodeId": "^taq^e", "source_type": "Node1", "target_nodeId": "tsjctn", "tareget_type": "Node1", "relation": "HAS_RELATIONSHIP"}, {"source_nodeId": "@cdoel%", "source_type": "Node1", "target_nodeId": "^jhcao", "tareget_type": "Node1", "relation": "HAS_RELATIONSHIP"}, {"source_nodeId": "t^dkei", "source_type": "Node3", "target_nodeId": "cehtr", "tareget_type": "Node2", "relation": "HAS_RELATIONSHIP"}, {"source_nodeId": "tkhsgp", "source_type": "Node2", "target_nodeId": "@q*se", "tareget_type": "Node1", "relation": "HAS_RELATIONSHIP"}, {"source_nodeId": "cehtr", "source_type": "Node2", "target_nodeId": "kk%rtk", "tareget_type": "Node3", "relation": "HAS_RELATIONSHIP"}, {"source_nodeId": "$m@%m", "source_type": "Node1", "target_nodeId": "dd%qt", "tareget_type": "Node2", "relation": "HAS_RELATIONSHIP"}, {"source_nodeId": "*%i#e", "source_type": "Node1", "target_nodeId": "p%cj*&", "tareget_type": "Node1", "relation": "HAS_RELATIONSHIP"}, {"source_nodeId": "ssemfp@", "source_type": "Node1", "target_nodeId": "fphpc", "tareget_type": "Node3", "relation": "HAS_RELATIONSHIP"}, {"source_nodeId": "fkl@b", "source_type": "Node1", "target_nodeId": "t%mk*b", "tareget_type": "Node3", "relation": "HAS_RELATIONSHIP"}, {"source_nodeId": "ms@@@n", "source_type": "Node1", "target_nodeId": "o*r#hed", "tareget_type": "Node1", "relation": "HAS_RELATIONSHIP"}, {"source_nodeId": "njnqj$", "source_type": "Node3", "target_nodeId": "$toooc", "tareget_type": "Node2", "relation": "HAS_RELATIONSHIP"}, {"source_nodeId": "t%mk*b", "source_type": "Node3", "target_nodeId": "otbeo%", "tareget_type": "Node2", "relation": "HAS_RELATIONSHIP"}, {"source_nodeId": "&gm&#d", "source_type": "Node1", "target_nodeId": "m%ijp#c", "tareget_type": "Node1", "relation": "HAS_RELATIONSHIP"}, {"source_nodeId": "%hbirl^", "source_type": "Node2", "target_nodeId": "qcddf@", "tareget_type": "Node3", "relation": "HAS_RELATIONSHIP"}, {"source_nodeId": "dr*el^", "source_type": "Node2", "target_nodeId": "ml#cp", "tareget_type": "Node1", "relation": "HAS_RELATIONSHIP"}, {"source_nodeId": "aq#&c", "source_type": "Node3", "target_nodeId": "cach%", "tareget_type": "Node1", "relation": "HAS_RELATIONSHIP"}, {"source_nodeId": "snd$m^o", "source_type": "Node3", "target_nodeId": "#gkn*", "tareget_type": "Node1", "relation": "HAS_RELATIONSHIP"}, {"source_nodeId": "gpa$g$^", "source_type": "Node2", "target_nodeId": "^@nec", "tareget_type": "Node3", "relation": "HAS_RELATIONSHIP"}, {"source_nodeId": "mjg#l", "source_type": "Node2", "target_nodeId": "dt&%c", "tareget_type": "Node1", "relation": "HAS_RELATIONSHIP"}, {"source_nodeId": "omsjsqf", "source_type": "Node3", "target_nodeId": "qgnis", "tareget_type": "Node1", "relation": "HAS_RELATIONSHIP"}, {"source_nodeId": "ntarb#", "source_type": "Node1", "target_nodeId": "implg#e", "tareget_type": "Node2", "relation": "HAS_RELATIONSHIP"}, {"source_nodeId": "ssemfp@", "source_type": "Node1", "target_nodeId": "%jk&%q", "tareget_type": "Node2", "relation": "HAS_RELATIONSHIP"}, {"source_nodeId": "ff&io$", "source_type": "Node2", "target_nodeId": "qqpp%i", "tareget_type": "Node3", "relation": "HAS_RELATIONSHIP"}, {"source_nodeId": "d#$df#e", "source_type": "Node2", "target_nodeId": "c*hg$o", "tareget_type": "Node2", "relation": "HAS_RELATIONSHIP"}, {"source_nodeId": "%brq@ri", "source_type": "Node2", "target_nodeId": "cc&lr", "tareget_type": "Node2", "relation": "HAS_RELATIONSHIP"}, {"source_nodeId": "rqisbp$", "source_type": "Node1", "target_nodeId": "bcjl&g#", "tareget_type": "Node2", "relation": "HAS_RELATIONSHIP"}, {"source_nodeId": "ms@@@n", "source_type": "Node1", "target_nodeId": "cme^^h", "tareget_type": "Node1", "relation": "HAS_RELATIONSHIP"}, {"source_nodeId": "qgnis", "source_type": "Node1", "target_nodeId": "kdeblp", "tareget_type": "Node2", "relation": "HAS_RELATIONSHIP"}, {"source_nodeId": "ssemfp@", "source_type": "Node1", "target_nodeId": "ilgkc", "tareget_type": "Node1", "relation": "HAS_RELATIONSHIP"}, {"source_nodeId": "^kgqle&", "source_type": "Node2", "target_nodeId": "dt&%c", "tareget_type": "Node1", "relation": "HAS_RELATIONSHIP"}, {"source_nodeId": "sk$#&t", "source_type": "Node2", "target_nodeId": "ptaqrsl", "tareget_type": "Node1", "relation": "HAS_RELATIONSHIP"}, {"source_nodeId": "%s&*f@c", "source_type": "Node3", "target_nodeId": "nrdik^", "tareget_type": "Node2", "relation": "HAS_RELATIONSHIP"}, {"source_nodeId": "$sobect", "source_type": "Node3", "target_nodeId": "$iipo^a", "tareget_type": "Node2", "relation": "HAS_RELATIONSHIP"}, {"source_nodeId": "tkhsgp", "source_type": "Node2", "target_nodeId": "c*@^qi", "tareget_type": "Node1", "relation": "HAS_RELATIONSHIP"}, {"source_nodeId": "inlk$", "source_type": "Node2", "target_nodeId": "gbh&dm", "tareget_type": "Node2", "relation": "HAS_RELATIONSHIP"}, {"source_nodeId": "nk%m$g", "source_type": "Node1", "target_nodeId": "#o%#cgh", "tareget_type": "Node1", "relation": "HAS_RELATIONSHIP"}, {"source_nodeId": "aj&$ipn", "source_type": "Node3", "target_nodeId": "@de$gjg", "tareget_type": "Node2", "relation": "HAS_RELATIONSHIP"}, {"source_nodeId": "odem^^l", "source_type": "Node2", "target_nodeId": "cs@i&c", "tareget_type": "Node3", "relation": "HAS_RELATIONSHIP"}, {"source_nodeId": "#gkn*", "source_type": "Node1", "target_nodeId": "kk%rtk", "tareget_type": "Node3", "relation": "HAS_RELATIONSHIP"}, {"source_nodeId": "*$r%lm", "source_type": "Node3", "target_nodeId": "g%%m&&", "tareget_type": "Node1", "relation": "HAS_RELATIONSHIP"}, {"source_nodeId": "amcgf", "source_type": "Node3", "target_nodeId": "*edpsa", "tareget_type": "Node1", "relation": "HAS_RELATIONSHIP"}, {"source_nodeId": "c^kanjb", "source_type": "Node1", "target_nodeId": "tijhr", "tareget_type": "Node2", "relation": "HAS_RELATIONSHIP"}, {"source_nodeId": "rncgl", "source_type": "Node2", "target_nodeId": "^pdc#@c", "tareget_type": "Node1", "relation": "HAS_RELATIONSHIP"}, {"source_nodeId": "hq^cadc", "source_type": "Node1", "target_nodeId": "snd$m^o", "tareget_type": "Node3", "relation": "HAS_RELATIONSHIP"}, {"source_nodeId": "lj$s$r", "source_type": "Node2", "target_nodeId": "dpjki^f", "tareget_type": "Node2", "relation": "HAS_RELATIONSHIP"}, {"source_nodeId": "&llrij", "source_type": "Node2", "target_nodeId": "mkqsq*", "tareget_type": "Node3", "relation": "HAS_RELATIONSHIP"}, {"source_nodeId": "ieci$n", "source_type": "Node1", "target_nodeId": "c*@^qi", "tareget_type": "Node1", "relation": "HAS_RELATIONSHIP"}, {"source_nodeId": "b#s%#p^", "source_type": "Node3", "target_nodeId": "bb@atc", "tareget_type": "Node3", "relation": "HAS_RELATIONSHIP"}, {"source_nodeId": "&o$m&$", "source_type": "Node2", "target_nodeId": "tijhr", "tareget_type": "Node2", "relation": "HAS_RELATIONSHIP"}, {"source_nodeId": "#a*ls", "source_type": "Node1", "target_nodeId": "b#s%#p^", "tareget_type": "Node3", "relation": "HAS_RELATIONSHIP"}, {"source_nodeId": "rjdmb", "source_type": "Node2", "target_nodeId": "@eeh%", "tareget_type": "Node1", "relation": "HAS_RELATIONSHIP"}, {"source_nodeId": "k&as#qs", "source_type": "Node2", "target_nodeId": "nf*sscb", "tareget_type": "Node2", "relation": "HAS_RELATIONSHIP"}, {"source_nodeId": "$iipo^a", "source_type": "Node2", "target_nodeId": "*%&s&", "tareget_type": "Node3", "relation": "HAS_RELATIONSHIP"}, {"source_nodeId": "nf*sscb", "source_type": "Node2", "target_nodeId": "$dgsbf$", "tareget_type": "Node1", "relation": "HAS_RELATIONSHIP"}, {"source_nodeId": "%*b$i", "source_type": "Node3", "target_nodeId": "dc@il", "tareget_type": "Node3", "relation": "HAS_RELATIONSHIP"}, {"source_nodeId": "c*@^qi", "source_type": "Node1", "target_nodeId": "neqgsik", "tareget_type": "Node3", "relation": "HAS_RELATIONSHIP"}, {"source_nodeId": "amcgf", "source_type": "Node3", "target_nodeId": "mk%*j", "tareget_type": "Node3", "relation": "HAS_RELATIONSHIP"}, {"source_nodeId": "p%cj*&", "source_type": "Node1", "target_nodeId": "dd%qt", "tareget_type": "Node2", "relation": "HAS_RELATIONSHIP"}, {"source_nodeId": "gb^@cet", "source_type": "Node2", "target_nodeId": "@**mo", "tareget_type": "Node3", "relation": "HAS_RELATIONSHIP"}, {"source_nodeId": "ssemfp@", "source_type": "Node1", "target_nodeId": "&hk%k", "tareget_type": "Node3", "relation": "HAS_RELATIONSHIP"}, {"source_nodeId": "fne@@&n", "source_type": "Node2", "target_nodeId": "rs^dsk@", "tareget_type": "Node3", "relation": "HAS_RELATIONSHIP"}, {"source_nodeId": "cc&lr", "source_type": "Node2", "target_nodeId": "fkl@b", "tareget_type": "Node1", "relation": "HAS_RELATIONSHIP"}, {"source_nodeId": "dpjki^f", "source_type": "Node2", "target_nodeId": "inlk$", "tareget_type": "Node2", "relation": "HAS_RELATIONSHIP"}, {"source_nodeId": "d#btr", "source_type": "Node1", "target_nodeId": "opclb", "tareget_type": "Node2", "relation": "HAS_RELATIONSHIP"}, {"source_nodeId": "c#*hfg", "source_type": "Node3", "target_nodeId": "$toooc", "tareget_type": "Node2", "relation": "HAS_RELATIONSHIP"}, {"source_nodeId": "k^lsmqt", "source_type": "Node3", "target_nodeId": "kroj&b", "tareget_type": "Node1", "relation": "HAS_RELATIONSHIP"}, {"source_nodeId": "o*r#hed", "source_type": "Node1", "target_nodeId": "$&pqb", "tareget_type": "Node1", "relation": "HAS_RELATIONSHIP"}, {"source_nodeId": "dl*ns", "source_type": "Node3", "target_nodeId": "lantij#", "tareget_type": "Node2", "relation": "HAS_RELATIONSHIP"}, {"source_nodeId": "ntarb#", "source_type": "Node1", "target_nodeId": "rjdmb", "tareget_type": "Node2", "relation": "HAS_RELATIONSHIP"}, {"source_nodeId": "lbm&@", "source_type": "Node3", "target_nodeId": "rjdmb", "tareget_type": "Node2", "relation": "HAS_RELATIONSHIP"}, {"source_nodeId": "p^^id", "source_type": "Node3", "target_nodeId": "liorgo$", "tareget_type": "Node3", "relation": "HAS_RELATIONSHIP"}, {"source_nodeId": "bpgijjj", "source_type": "Node1", "target_nodeId": "jlberq", "tareget_type": "Node3", "relation": "HAS_RELATIONSHIP"}, {"source_nodeId": "pib^k%r", "source_type": "Node3", "target_nodeId": "bpgijjj", "tareget_type": "Node1", "relation": "HAS_RELATIONSHIP"}, {"source_nodeId": "%$%pgq", "source_type": "Node3", "target_nodeId": "*%i#e", "tareget_type": "Node1", "relation": "HAS_RELATIONSHIP"}, {"source_nodeId": "i^d@l*e", "source_type": "Node3", "target_nodeId": "obj@tka", "tareget_type": "Node3", "relation": "HAS_RELATIONSHIP"}, {"source_nodeId": "otbeo%", "source_type": "Node2", "target_nodeId": "$&pqb", "tareget_type": "Node1", "relation": "HAS_RELATIONSHIP"}, {"source_nodeId": "njnqj$", "source_type": "Node3", "target_nodeId": "cehtr", "tareget_type": "Node2", "relation": "HAS_RELATIONSHIP"}, {"source_nodeId": "ekceq&@", "source_type": "Node1", "target_nodeId": "rjdmb", "tareget_type": "Node2", "relation": "HAS_RELATIONSHIP"}, {"source_nodeId": "@a*nj", "source_type": "Node3", "target_nodeId": "fbr&%oa", "tareget_type": "Node1", "relation": "HAS_RELATIONSHIP"}, {"source_nodeId": "ms@@@n", "source_type": "Node1", "target_nodeId": "*prijr", "tareget_type": "Node2", "relation": "HAS_RELATIONSHIP"}, {"source_nodeId": "sk$#&t", "source_type": "Node2", "target_nodeId": "otbeo%", "tareget_type": "Node2", "relation": "HAS_RELATIONSHIP"}, {"source_nodeId": "*sb#si", "source_type": "Node1", "target_nodeId": "$&@gc", "tareget_type": "Node2", "relation": "HAS_RELATIONSHIP"}, {"source_nodeId": "qgj%st#", "source_type": "Node1", "target_nodeId": "g@k@qm", "tareget_type": "Node2", "relation": "HAS_RELATIONSHIP"}, {"source_nodeId": "arg$$rt", "source_type": "Node2", "target_nodeId": "kjce$sm", "tareget_type": "Node3", "relation": "HAS_RELATIONSHIP"}, {"source_nodeId": "ih$f^%q", "source_type": "Node2", "target_nodeId": "qhggq#b", "tareget_type": "Node3", "relation": "HAS_RELATIONSHIP"}, {"source_nodeId": "pllscr%", "source_type": "Node1", "target_nodeId": "mkqsq*", "tareget_type": "Node3", "relation": "HAS_RELATIONSHIP"}, {"source_nodeId": "#n*ggqq", "source_type": "Node2", "target_nodeId": "d#$df#e", "tareget_type": "Node2", "relation": "HAS_RELATIONSHIP"}, {"source_nodeId": "*e$lrcd", "source_type": "Node1", "target_nodeId": "djc$h$", "tareget_type": "Node2", "relation": "HAS_RELATIONSHIP"}, {"source_nodeId": "pptbhno", "source_type": "Node3", "target_nodeId": "gkad%so", "tareget_type": "Node3", "relation": "HAS_RELATIONSHIP"}, {"source_nodeId": "^kgqle&", "source_type": "Node2", "target_nodeId": "kjce$sm", "tareget_type": "Node3", "relation": "HAS_RELATIONSHIP"}, {"source_nodeId": "rpsnpo", "source_type": "Node1", "target_nodeId": "gdn$t%r", "tareget_type": "Node2", "relation": "HAS_RELATIONSHIP"}, {"source_nodeId": "rfbmjs", "source_type": "Node3", "target_nodeId": "qjckn", "tareget_type": "Node1", "relation": "HAS_RELATIONSHIP"}, {"source_nodeId": "j^cb&q*", "source_type": "Node3", "target_nodeId": "bpgijjj", "tareget_type": "Node1", "relation": "HAS_RELATIONSHIP"}, {"source_nodeId": "kkqc$", "source_type": "Node2", "target_nodeId": "*$r%lm", "tareget_type": "Node3", "relation": "HAS_RELATIONSHIP"}, {"source_nodeId": "r&n%j", "source_type": "Node3", "target_nodeId": "i@ls$b", "tareget_type": "Node2", "relation": "HAS_RELATIONSHIP"}, {"source_nodeId": "fbr&%oa", "source_type": "Node1", "target_nodeId": "nrdik^", "tareget_type": "Node2", "relation": "HAS_RELATIONSHIP"}, {"source_nodeId": "sk$#&t", "source_type": "Node2", "target_nodeId": "d#$df#e", "tareget_type": "Node2", "relation": "HAS_RELATIONSHIP"}, {"source_nodeId": "%tcoek", "source_type": "Node1", "target_nodeId": "njnqj$", "tareget_type": "Node3", "relation": "HAS_RELATIONSHIP"}, {"source_nodeId": "@tb^h", "source_type": "Node3", "target_nodeId": "gb^@cet", "tareget_type": "Node2", "relation": "HAS_RELATIONSHIP"}, {"source_nodeId": "l&dpfa", "source_type": "Node3", "target_nodeId": "cach%", "tareget_type": "Node1", "relation": "HAS_RELATIONSHIP"}, {"source_nodeId": "*raoh", "source_type": "Node1", "target_nodeId": "gbhc@lo", "tareget_type": "Node1", "relation": "HAS_RELATIONSHIP"}, {"source_nodeId": "@le^qhd", "source_type": "Node2", "target_nodeId": "l&ngl", "tareget_type": "Node3", "relation": "HAS_RELATIONSHIP"}, {"source_nodeId": "%tcoek", "source_type": "Node1", "target_nodeId": "tq%dhme", "tareget_type": "Node2", "relation": "HAS_RELATIONSHIP"}, {"source_nodeId": "htfs$sg", "source_type": "Node1", "target_nodeId": "mk@i#&j", "tareget_type": "Node2", "relation": "HAS_RELATIONSHIP"}, {"source_nodeId": "nt#ah%", "source_type": "Node1", "target_nodeId": "fkh%jp", "tareget_type": "Node3", "relation": "HAS_RELATIONSHIP"}, {"source_nodeId": "lqsk#", "source_type": "Node2", "target_nodeId": "bii$q@", "tareget_type": "Node3", "relation": "HAS_RELATIONSHIP"}, {"source_nodeId": "nk%m$g", "source_type": "Node1", "target_nodeId": "bedgeop", "tareget_type": "Node1", "relation": "HAS_RELATIONSHIP"}, {"source_nodeId": "*prijr", "source_type": "Node2", "target_nodeId": "fkl@b", "tareget_type": "Node1", "relation": "HAS_RELATIONSHIP"}, {"source_nodeId": "j^cb&q*", "source_type": "Node3", "target_nodeId": "m#d@st#", "tareget_type": "Node3", "relation": "HAS_RELATIONSHIP"}, {"source_nodeId": "hq^cadc", "source_type": "Node1", "target_nodeId": "e@ombf^", "tareget_type": "Node3", "relation": "HAS_RELATIONSHIP"}, {"source_nodeId": "iai^&", "source_type": "Node3", "target_nodeId": "%s&*f@c", "tareget_type": "Node3", "relation": "HAS_RELATIONSHIP"}, {"source_nodeId": "odem^^l", "source_type": "Node2", "target_nodeId": "iltig#%", "tareget_type": "Node2", "relation": "HAS_RELATIONSHIP"}, {"source_nodeId": "rfbmjs", "source_type": "Node3", "target_nodeId": "cach%", "tareget_type": "Node1", "relation": "HAS_RELATIONSHIP"}, {"source_nodeId": "nt#ah%", "source_type": "Node1", "target_nodeId": "dpjki^f", "tareget_type": "Node2", "relation": "HAS_RELATIONSHIP"}, {"source_nodeId": "rncgl", "source_type": "Node2", "target_nodeId": "pllscr%", "tareget_type": "Node1", "relation": "HAS_RELATIONSHIP"}, {"source_nodeId": "ncqqaf", "source_type": "Node3", "target_nodeId": "dc^apk", "tareget_type": "Node1", "relation": "HAS_RELATIONSHIP"}, {"source_nodeId": "bb@atc", "source_type": "Node3", "target_nodeId": "#&pqk", "tareget_type": "Node2", "relation": "HAS_RELATIONSHIP"}, {"source_nodeId": "d@hj%n", "source_type": "Node2", "target_nodeId": "nf*sscb", "tareget_type": "Node2", "relation": "HAS_RELATIONSHIP"}, {"source_nodeId": "dnehrb", "source_type": "Node2", "target_nodeId": "e^hn*", "tareget_type": "Node3", "relation": "HAS_RELATIONSHIP"}, {"source_nodeId": "&c$hilq", "source_type": "Node2", "target_nodeId": "hq^cadc", "tareget_type": "Node1", "relation": "HAS_RELATIONSHIP"}, {"source_nodeId": "kdeblp", "source_type": "Node2", "target_nodeId": "ml#cp", "tareget_type": "Node1", "relation": "HAS_RELATIONSHIP"}, {"source_nodeId": "obj@tka", "source_type": "Node3", "target_nodeId": "#o%#cgh", "tareget_type": "Node1", "relation": "HAS_RELATIONSHIP"}, {"source_nodeId": "ms@@@n", "source_type": "Node1", "target_nodeId": "bj$qs*d", "tareget_type": "Node3", "relation": "HAS_RELATIONSHIP"}, {"source_nodeId": "t%mk*b", "source_type": "Node3", "target_nodeId": "o&@r@ad", "tareget_type": "Node2", "relation": "HAS_RELATIONSHIP"}, {"source_nodeId": "rfbmjs", "source_type": "Node3", "target_nodeId": "@h*kj", "tareget_type": "Node1", "relation": "HAS_RELATIONSHIP"}, {"source_nodeId": "kta%ie", "source_type": "Node2", "target_nodeId": "g%&b$", "tareget_type": "Node1", "relation": "HAS_RELATIONSHIP"}, {"source_nodeId": "bcjl&g#", "source_type": "Node2", "target_nodeId": "hoehsk", "tareget_type": "Node3", "relation": "HAS_RELATIONSHIP"}, {"source_nodeId": "o&e%j", "source_type": "Node2", "target_nodeId": "ejaa^", "tareget_type": "Node2", "relation": "HAS_RELATIONSHIP"}, {"source_nodeId": "iai^&", "source_type": "Node3", "target_nodeId": "*%i#e", "tareget_type": "Node1", "relation": "HAS_RELATIONSHIP"}, {"source_nodeId": "tijhr", "source_type": "Node2", "target_nodeId": "^pasta", "tareget_type": "Node3", "relation": "HAS_RELATIONSHIP"}, {"source_nodeId": "obj@tka", "source_type": "Node3", "target_nodeId": "*%i#e", "tareget_type": "Node1", "relation": "HAS_RELATIONSHIP"}, {"source_nodeId": "#&pqk", "source_type": "Node2", "target_nodeId": "gb^@cet", "tareget_type": "Node2", "relation": "HAS_RELATIONSHIP"}, {"source_nodeId": "#d#%l^i", "source_type": "Node1", "target_nodeId": "@tqf@dl", "tareget_type": "Node3", "relation": "HAS_RELATIONSHIP"}, {"source_nodeId": "g%&b$", "source_type": "Node1", "target_nodeId": "@eeh%", "tareget_type": "Node1", "relation": "HAS_RELATIONSHIP"}, {"source_nodeId": "^taq^e", "source_type": "Node1", "target_nodeId": "*oo$aha", "tareget_type": "Node1", "relation": "HAS_RELATIONSHIP"}, {"source_nodeId": "gbh&dm", "source_type": "Node2", "target_nodeId": "arg$$rt", "tareget_type": "Node2", "relation": "HAS_RELATIONSHIP"}, {"source_nodeId": "fip@blp", "source_type": "Node1", "target_nodeId": "tsjctn", "tareget_type": "Node1", "relation": "HAS_RELATIONSHIP"}, {"source_nodeId": "njnqj$", "source_type": "Node3", "target_nodeId": "anohns", "tareget_type": "Node2", "relation": "HAS_RELATIONSHIP"}, {"source_nodeId": "kdeblp", "source_type": "Node2", "target_nodeId": "c*hg$o", "tareget_type": "Node2", "relation": "HAS_RELATIONSHIP"}, {"source_nodeId": "a&maqal", "source_type": "Node2", "target_nodeId": "#enghc", "tareget_type": "Node3", "relation": "HAS_RELATIONSHIP"}, {"source_nodeId": "cg@arqn", "source_type": "Node3", "target_nodeId": "dc@il", "tareget_type": "Node3", "relation": "HAS_RELATIONSHIP"}, {"source_nodeId": "sk$#&t", "source_type": "Node2", "target_nodeId": "@cdoel%", "tareget_type": "Node1", "relation": "HAS_RELATIONSHIP"}, {"source_nodeId": "nii%$d#", "source_type": "Node2", "target_nodeId": "#a*ls", "tareget_type": "Node1", "relation": "HAS_RELATIONSHIP"}, {"source_nodeId": "m%ijp#c", "source_type": "Node1", "target_nodeId": "bii$q@", "tareget_type": "Node3", "relation": "HAS_RELATIONSHIP"}, {"source_nodeId": "rjdmb", "source_type": "Node2", "target_nodeId": "dc^apk", "tareget_type": "Node1", "relation": "HAS_RELATIONSHIP"}, {"source_nodeId": "opclb", "source_type": "Node2", "target_nodeId": "*t#&b", "tareget_type": "Node3", "relation": "HAS_RELATIONSHIP"}, {"source_nodeId": "qhggq#b", "source_type": "Node3", "target_nodeId": "lantij#", "tareget_type": "Node2", "relation": "HAS_RELATIONSHIP"}, {"source_nodeId": "mofc&t", "source_type": "Node2", "target_nodeId": "ntarb#", "tareget_type": "Node1", "relation": "HAS_RELATIONSHIP"}, {"source_nodeId": "*prijr", "source_type": "Node2", "target_nodeId": "j&rmp", "tareget_type": "Node2", "relation": "HAS_RELATIONSHIP"}, {"source_nodeId": "#d#%l^i", "source_type": "Node1", "target_nodeId": "kk%rtk", "tareget_type": "Node3", "relation": "HAS_RELATIONSHIP"}, {"source_nodeId": "arg$$rt", "source_type": "Node2", "target_nodeId": "tsjctn", "tareget_type": "Node1", "relation": "HAS_RELATIONSHIP"}, {"source_nodeId": "gdn$t%r", "source_type": "Node2", "target_nodeId": "^cd%a&%", "tareget_type": "Node1", "relation": "HAS_RELATIONSHIP"}, {"source_nodeId": "#o%#cgh", "source_type": "Node1", "target_nodeId": "#i$gkkg", "tareget_type": "Node3", "relation": "HAS_RELATIONSHIP"}, {"source_nodeId": "@**mo", "source_type": "Node3", "target_nodeId": "mfab$", "tareget_type": "Node3", "relation": "HAS_RELATIONSHIP"}, {"source_nodeId": "a&maqal", "source_type": "Node2", "target_nodeId": "#a*ls", "tareget_type": "Node1", "relation": "HAS_RELATIONSHIP"}, {"source_nodeId": "m%ijp#c", "source_type": "Node1", "target_nodeId": "ia@#br", "tareget_type": "Node2", "relation": "HAS_RELATIONSHIP"}, {"source_nodeId": "r&n%j", "source_type": "Node3", "target_nodeId": "fkh%jp", "tareget_type": "Node3", "relation": "HAS_RELATIONSHIP"}, {"source_nodeId": "bii$q@", "source_type": "Node3", "target_nodeId": "#j&rro", "tareget_type": "Node1", "relation": "HAS_RELATIONSHIP"}, {"source_nodeId": "c*@^qi", "source_type": "Node1", "target_nodeId": "@ohnl&", "tareget_type": "Node2", "relation": "HAS_RELATIONSHIP"}, {"source_nodeId": "k^lsmqt", "source_type": "Node3", "target_nodeId": "rfbmjs", "tareget_type": "Node3", "relation": "HAS_RELATIONSHIP"}, {"source_nodeId": "a$p@q^", "source_type": "Node3", "target_nodeId": "lisqp^c", "tareget_type": "Node2", "relation": "HAS_RELATIONSHIP"}, {"source_nodeId": "$&pqb", "source_type": "Node1", "target_nodeId": "#i$gkkg", "tareget_type": "Node3", "relation": "HAS_RELATIONSHIP"}, {"source_nodeId": "$dgsbf$", "source_type": "Node1", "target_nodeId": "%jk&%q", "tareget_type": "Node2", "relation": "HAS_RELATIONSHIP"}, {"source_nodeId": "tsjctn", "source_type": "Node1", "target_nodeId": "*$r%lm", "tareget_type": "Node3", "relation": "HAS_RELATIONSHIP"}, {"source_nodeId": "m^lkoh", "source_type": "Node3", "target_nodeId": "bkijh", "tareget_type": "Node3", "relation": "HAS_RELATIONSHIP"}, {"source_nodeId": "gbh&dm", "source_type": "Node2", "target_nodeId": "tcdlksn", "tareget_type": "Node1", "relation": "HAS_RELATIONSHIP"}, {"source_nodeId": "@h*kj", "source_type": "Node1", "target_nodeId": "dq@n^", "tareget_type": "Node3", "relation": "HAS_RELATIONSHIP"}, {"source_nodeId": "kb#q@ip", "source_type": "Node1", "target_nodeId": "#j&rro", "tareget_type": "Node1", "relation": "HAS_RELATIONSHIP"}, {"source_nodeId": "i^d@l*e", "source_type": "Node3", "target_nodeId": "lqsk#", "tareget_type": "Node2", "relation": "HAS_RELATIONSHIP"}, {"source_nodeId": "%pbqo#", "source_type": "Node3", "target_nodeId": "tq%dhme", "tareget_type": "Node2", "relation": "HAS_RELATIONSHIP"}, {"source_nodeId": "mr@o^j", "source_type": "Node2", "target_nodeId": "sl^pep", "tareget_type": "Node2", "relation": "HAS_RELATIONSHIP"}, {"source_nodeId": "%$sp@nn", "source_type": "Node2", "target_nodeId": "fp%hrt$", "tareget_type": "Node2", "relation": "HAS_RELATIONSHIP"}, {"source_nodeId": "^%a@s^j", "source_type": "Node2", "target_nodeId": "$bjgnif", "tareget_type": "Node1", "relation": "HAS_RELATIONSHIP"}, {"source_nodeId": "bii$q@", "source_type": "Node3", "target_nodeId": "*qf%^np", "tareget_type": "Node1", "relation": "HAS_RELATIONSHIP"}, {"source_nodeId": "mcnojl^", "source_type": "Node2", "target_nodeId": "@tqf@dl", "tareget_type": "Node3", "relation": "HAS_RELATIONSHIP"}, {"source_nodeId": "htfs$sg", "source_type": "Node1", "target_nodeId": "htfs$sg", "tareget_type": "Node1", "relation": "HAS_RELATIONSHIP"}, {"source_nodeId": "opclb", "source_type": "Node2", "target_nodeId": "c#*hfg", "tareget_type": "Node3", "relation": "HAS_RELATIONSHIP"}, {"source_nodeId": "abqt^qf", "source_type": "Node3", "target_nodeId": "kroj&b", "tareget_type": "Node1", "relation": "HAS_RELATIONSHIP"}, {"source_nodeId": "bkijh", "source_type": "Node3", "target_nodeId": "*sb#si", "tareget_type": "Node1", "relation": "HAS_RELATIONSHIP"}, {"source_nodeId": "jirhpp", "source_type": "Node1", "target_nodeId": "@**mo", "tareget_type": "Node3", "relation": "HAS_RELATIONSHIP"}, {"source_nodeId": "$&@gc", "source_type": "Node2", "target_nodeId": "&llrij", "tareget_type": "Node2", "relation": "HAS_RELATIONSHIP"}, {"source_nodeId": "o@dot", "source_type": "Node1", "target_nodeId": "pllscr%", "tareget_type": "Node1", "relation": "HAS_RELATIONSHIP"}, {"source_nodeId": "j&rmp", "source_type": "Node2", "target_nodeId": "ml%gm^", "tareget_type": "Node2", "relation": "HAS_RELATIONSHIP"}, {"source_nodeId": "gb^@cet", "source_type": "Node2", "target_nodeId": "%s&*f@c", "tareget_type": "Node3", "relation": "HAS_RELATIONSHIP"}, {"source_nodeId": "c*hg$o", "source_type": "Node2", "target_nodeId": "#j&rro", "tareget_type": "Node1", "relation": "HAS_RELATIONSHIP"}, {"source_nodeId": "fphpc", "source_type": "Node3", "target_nodeId": "fip@blp", "tareget_type": "Node1", "relation": "HAS_RELATIONSHIP"}, {"source_nodeId": "d#$df#e", "source_type": "Node2", "target_nodeId": "t^dkei", "tareget_type": "Node3", "relation": "HAS_RELATIONSHIP"}, {"source_nodeId": "amcgf", "source_type": "Node3", "target_nodeId": "ptaqrsl", "tareget_type": "Node1", "relation": "HAS_RELATIONSHIP"}, {"source_nodeId": "mjg#l", "source_type": "Node2", "target_nodeId": "hoehsk", "tareget_type": "Node3", "relation": "HAS_RELATIONSHIP"}, {"source_nodeId": "b&qjr", "source_type": "Node1", "target_nodeId": "qcddf@", "tareget_type": "Node3", "relation": "HAS_RELATIONSHIP"}, {"source_nodeId": "qqpp%i", "source_type": "Node3", "target_nodeId": "fkh%jp", "tareget_type": "Node3", "relation": "HAS_RELATIONSHIP"}, {"source_nodeId": "ekceq&@", "source_type": "Node1", "target_nodeId": "mofc&t", "tareget_type": "Node2", "relation": "HAS_RELATIONSHIP"}, {"source_nodeId": "mcnojl^", "source_type": "Node2", "target_nodeId": "gnbac", "tareget_type": "Node1", "relation": "HAS_RELATIONSHIP"}, {"source_nodeId": "gbhc@lo", "source_type": "Node1", "target_nodeId": "t^dkei", "tareget_type": "Node3", "relation": "HAS_RELATIONSHIP"}, {"source_nodeId": "mcnojl^", "source_type": "Node2", "target_nodeId": "j&ihfdq", "tareget_type": "Node1", "relation": "HAS_RELATIONSHIP"}, {"source_nodeId": "mkqsq*", "source_type": "Node3", "target_nodeId": "qcddf@", "tareget_type": "Node3", "relation": "HAS_RELATIONSHIP"}, {"source_nodeId": "odem^^l", "source_type": "Node2", "target_nodeId": "aj&$ipn", "tareget_type": "Node3", "relation": "HAS_RELATIONSHIP"}, {"source_nodeId": "iootkof", "source_type": "Node2", "target_nodeId": "mjg#l", "tareget_type": "Node2", "relation": "HAS_RELATIONSHIP"}, {"source_nodeId": "%brq@ri", "source_type": "Node2", "target_nodeId": "jlberq", "tareget_type": "Node3", "relation": "HAS_RELATIONSHIP"}, {"source_nodeId": "tq%dhme", "source_type": "Node2", "target_nodeId": "mfab$", "tareget_type": "Node3", "relation": "HAS_RELATIONSHIP"}, {"source_nodeId": "*tm@gk", "source_type": "Node2", "target_nodeId": "*edpsa", "tareget_type": "Node1", "relation": "HAS_RELATIONSHIP"}, {"source_nodeId": "#j&rro", "source_type": "Node1", "target_nodeId": "#jmjie&", "tareget_type": "Node3", "relation": "HAS_RELATIONSHIP"}, {"source_nodeId": "ip$@^", "source_type": "Node1", "target_nodeId": "o&e%j", "tareget_type": "Node2", "relation": "HAS_RELATIONSHIP"}, {"source_nodeId": "tijhr", "source_type": "Node2", "target_nodeId": "a^&qp", "tareget_type": "Node3", "relation": "HAS_RELATIONSHIP"}, {"source_nodeId": "ckg#nmq", "source_type": "Node3", "target_nodeId": "ljrpl", "tareget_type": "Node2", "relation": "HAS_RELATIONSHIP"}, {"source_nodeId": "j&rmp", "source_type": "Node2", "target_nodeId": "jfl@*", "tareget_type": "Node2", "relation": "HAS_RELATIONSHIP"}, {"source_nodeId": "ia@#br", "source_type": "Node2", "target_nodeId": "*knlo*", "tareget_type": "Node3", "relation": "HAS_RELATIONSHIP"}, {"source_nodeId": "ekceq&@", "source_type": "Node1", "target_nodeId": "bj$qs*d", "tareget_type": "Node3", "relation": "HAS_RELATIONSHIP"}, {"source_nodeId": "bcjl&g#", "source_type": "Node2", "target_nodeId": "#d#%l^i", "tareget_type": "Node1", "relation": "HAS_RELATIONSHIP"}, {"source_nodeId": "bb@atc", "source_type": "Node3", "target_nodeId": "^@nec", "tareget_type": "Node3", "relation": "HAS_RELATIONSHIP"}, {"source_nodeId": "aq#&c", "source_type": "Node3", "target_nodeId": "dq@n^", "tareget_type": "Node3", "relation": "HAS_RELATIONSHIP"}, {"source_nodeId": "o&e%j", "source_type": "Node2", "target_nodeId": "rncgl", "tareget_type": "Node2", "relation": "HAS_RELATIONSHIP"}, {"source_nodeId": "@bhi#mg", "source_type": "Node3", "target_nodeId": "##sigk", "tareget_type": "Node1", "relation": "HAS_RELATIONSHIP"}, {"source_nodeId": "a$p@q^", "source_type": "Node3", "target_nodeId": "$m@%m", "tareget_type": "Node1", "relation": "HAS_RELATIONSHIP"}, {"source_nodeId": "jirhpp", "source_type": "Node1", "target_nodeId": "%tcoek", "tareget_type": "Node1", "relation": "HAS_RELATIONSHIP"}, {"source_nodeId": "sftnfj", "source_type": "Node2", "target_nodeId": "i^d@l*e", "tareget_type": "Node3", "relation": "HAS_RELATIONSHIP"}, {"source_nodeId": "kk%rtk", "source_type": "Node3", "target_nodeId": "dd%qt", "tareget_type": "Node2", "relation": "HAS_RELATIONSHIP"}, {"source_nodeId": "jirhpp", "source_type": "Node1", "target_nodeId": "tkhsgp", "tareget_type": "Node2", "relation": "HAS_RELATIONSHIP"}, {"source_nodeId": "t$nddbq", "source_type": "Node2", "target_nodeId": "&hk%k", "tareget_type": "Node3", "relation": "HAS_RELATIONSHIP"}, {"source_nodeId": "t^dkei", "source_type": "Node3", "target_nodeId": "$&oip@", "tareget_type": "Node3", "relation": "HAS_RELATIONSHIP"}, {"source_nodeId": "c^$rb&", "source_type": "Node2", "target_nodeId": "kkqc$", "tareget_type": "Node2", "relation": "HAS_RELATIONSHIP"}, {"source_nodeId": "mr@o^j", "source_type": "Node2", "target_nodeId": "trscg", "tareget_type": "Node3", "relation": "HAS_RELATIONSHIP"}, {"source_nodeId": "@le^qhd", "source_type": "Node2", "target_nodeId": "qgnis", "tareget_type": "Node1", "relation": "HAS_RELATIONSHIP"}, {"source_nodeId": "rigsko", "source_type": "Node3", "target_nodeId": "gpa$g$^", "tareget_type": "Node2", "relation": "HAS_RELATIONSHIP"}, {"source_nodeId": "g@k@qm", "source_type": "Node2", "target_nodeId": "og$&m", "tareget_type": "Node3", "relation": "HAS_RELATIONSHIP"}, {"source_nodeId": "aq#&c", "source_type": "Node3", "target_nodeId": "c#*hfg", "tareget_type": "Node3", "relation": "HAS_RELATIONSHIP"}, {"source_nodeId": "*&#%^*", "source_type": "Node3", "target_nodeId": "ptaqrsl", "tareget_type": "Node1", "relation": "HAS_RELATIONSHIP"}, {"source_nodeId": "*&#%^*", "source_type": "Node3", "target_nodeId": "fkl@b", "tareget_type": "Node1", "relation": "HAS_RELATIONSHIP"}, {"source_nodeId": "njnqj$", "source_type": "Node3", "target_nodeId": "mofc&t", "tareget_type": "Node2", "relation": "HAS_RELATIONSHIP"}, {"source_nodeId": "q$lohb", "source_type": "Node2", "target_nodeId": "ckg#nmq", "tareget_type": "Node3", "relation": "HAS_RELATIONSHIP"}, {"source_nodeId": "&oc$ch&", "source_type": "Node3", "target_nodeId": "cme^^h", "tareget_type": "Node1", "relation": "HAS_RELATIONSHIP"}, {"source_nodeId": "hoehsk", "source_type": "Node3", "target_nodeId": "abqt^qf", "tareget_type": "Node3", "relation": "HAS_RELATIONSHIP"}, {"source_nodeId": "iootkof", "source_type": "Node2", "target_nodeId": "ilgkc", "tareget_type": "Node1", "relation": "HAS_RELATIONSHIP"}, {"source_nodeId": "$qja$%", "source_type": "Node3", "target_nodeId": "gdn$t%r", "tareget_type": "Node2", "relation": "HAS_RELATIONSHIP"}, {"source_nodeId": "*%i#e", "source_type": "Node1", "target_nodeId": "aj&$ipn", "tareget_type": "Node3", "relation": "HAS_RELATIONSHIP"}, {"source_nodeId": "mk%*j", "source_type": "Node3", "target_nodeId": "i@ls$b", "tareget_type": "Node2", "relation": "HAS_RELATIONSHIP"}, {"source_nodeId": "#j&rro", "source_type": "Node1", "target_nodeId": "fbr&%oa", "tareget_type": "Node1", "relation": "HAS_RELATIONSHIP"}, {"source_nodeId": "ml%gm^", "source_type": "Node2", "target_nodeId": "mjg#l", "tareget_type": "Node2", "relation": "HAS_RELATIONSHIP"}, {"source_nodeId": "qjckn", "source_type": "Node1", "target_nodeId": "ih$f^%q", "tareget_type": "Node2", "relation": "HAS_RELATIONSHIP"}, {"source_nodeId": "e*p&&a", "source_type": "Node1", "target_nodeId": "%*b$i", "tareget_type": "Node3", "relation": "HAS_RELATIONSHIP"}, {"source_nodeId": "*sb#si", "source_type": "Node1", "target_nodeId": "@^sotj", "tareget_type": "Node3", "relation": "HAS_RELATIONSHIP"}, {"source_nodeId": "@cdoel%", "source_type": "Node1", "target_nodeId": "oip%tl", "tareget_type": "Node1", "relation": "HAS_RELATIONSHIP"}, {"source_nodeId": "t$nddbq", "source_type": "Node2", "target_nodeId": "rncgl", "tareget_type": "Node2", "relation": "HAS_RELATIONSHIP"}, {"source_nodeId": "^taq^e", "source_type": "Node1", "target_nodeId": "ls^fo", "tareget_type": "Node2", "relation": "HAS_RELATIONSHIP"}, {"source_nodeId": "rhcps", "source_type": "Node2", "target_nodeId": "c^$rb&", "tareget_type": "Node2", "relation": "HAS_RELATIONSHIP"}, {"source_nodeId": "@h*kj", "source_type": "Node1", "target_nodeId": "mcnojl^", "tareget_type": "Node2", "relation": "HAS_RELATIONSHIP"}, {"source_nodeId": "hoehsk", "source_type": "Node3", "target_nodeId": "$&oip@", "tareget_type": "Node3", "relation": "HAS_RELATIONSHIP"}, {"source_nodeId": "@a*nj", "source_type": "Node3", "target_nodeId": "cfct&", "tareget_type": "Node1", "relation": "HAS_RELATIONSHIP"}, {"source_nodeId": "edd*o", "source_type": "Node1", "target_nodeId": "^pdc#@c", "tareget_type": "Node1", "relation": "HAS_RELATIONSHIP"}, {"source_nodeId": "dd%qt", "source_type": "Node2", "target_nodeId": "*&#%^*", "tareget_type": "Node3", "relation": "HAS_RELATIONSHIP"}, {"source_nodeId": "dc^apk", "source_type": "Node1", "target_nodeId": "m#s&*t@", "tareget_type": "Node3", "relation": "HAS_RELATIONSHIP"}, {"source_nodeId": "iootkof", "source_type": "Node2", "target_nodeId": "gaa$lc", "tareget_type": "Node3", "relation": "HAS_RELATIONSHIP"}, {"source_nodeId": "h%ahr", "source_type": "Node1", "target_nodeId": "implg#e", "tareget_type": "Node2", "relation": "HAS_RELATIONSHIP"}, {"source_nodeId": "@#q@cb^", "source_type": "Node1", "target_nodeId": "#o%#cgh", "tareget_type": "Node1", "relation": "HAS_RELATIONSHIP"}, {"source_nodeId": "gnbac", "source_type": "Node1", "target_nodeId": "pib^k%r", "tareget_type": "Node3", "relation": "HAS_RELATIONSHIP"}, {"source_nodeId": "#n*ggqq", "source_type": "Node2", "target_nodeId": "*edpsa", "tareget_type": "Node1", "relation": "HAS_RELATIONSHIP"}, {"source_nodeId": "c*@^qi", "source_type": "Node1", "target_nodeId": "f%^ed", "tareget_type": "Node1", "relation": "HAS_RELATIONSHIP"}, {"source_nodeId": "&gm&#d", "source_type": "Node1", "target_nodeId": "*%i#e", "tareget_type": "Node1", "relation": "HAS_RELATIONSHIP"}, {"source_nodeId": "e*p&&a", "source_type": "Node1", "target_nodeId": "%brq@ri", "tareget_type": "Node2", "relation": "HAS_RELATIONSHIP"}, {"source_nodeId": "ls^fo", "source_type": "Node2", "target_nodeId": "deg&#", "tareget_type": "Node2", "relation": "HAS_RELATIONSHIP"}, {"source_nodeId": "b#s%#p^", "source_type": "Node3", "target_nodeId": "#d#%l^i", "tareget_type": "Node1", "relation": "HAS_RELATIONSHIP"}, {"source_nodeId": "d@hj%n", "source_type": "Node2", "target_nodeId": "rqisbp$", "tareget_type": "Node1", "relation": "HAS_RELATIONSHIP"}, {"source_nodeId": "bb@atc", "source_type": "Node3", "target_nodeId": "%*b$i", "tareget_type": "Node3", "relation": "HAS_RELATIONSHIP"}, {"source_nodeId": "c^$rb&", "source_type": "Node2", "target_nodeId": "rqisbp$", "tareget_type": "Node1", "relation": "HAS_RELATIONSHIP"}, {"source_nodeId": "dc^apk", "source_type": "Node1", "target_nodeId": "f%^ed", "tareget_type": "Node1", "relation": "HAS_RELATIONSHIP"}, {"source_nodeId": "iai^&", "source_type": "Node3", "target_nodeId": "@**mo", "tareget_type": "Node3", "relation": "HAS_RELATIONSHIP"}, {"source_nodeId": "pptbhno", "source_type": "Node3", "target_nodeId": "ms@@@n", "tareget_type": "Node1", "relation": "HAS_RELATIONSHIP"}, {"source_nodeId": "kjce$sm", "source_type": "Node3", "target_nodeId": "@eeh%", "tareget_type": "Node1", "relation": "HAS_RELATIONSHIP"}, {"source_nodeId": "*raoh", "source_type": "Node1", "target_nodeId": "%*b$i", "tareget_type": "Node3", "relation": "HAS_RELATIONSHIP"}, {"source_nodeId": "sk$#&t", "source_type": "Node2", "target_nodeId": "m#bee", "tareget_type": "Node1", "relation": "HAS_RELATIONSHIP"}, {"source_nodeId": "*%i#e", "source_type": "Node1", "target_nodeId": "$&oip@", "tareget_type": "Node3", "relation": "HAS_RELATIONSHIP"}, {"source_nodeId": "t&lftck", "source_type": "Node1", "target_nodeId": "amcgf", "tareget_type": "Node3", "relation": "HAS_RELATIONSHIP"}, {"source_nodeId": "ljrpl", "source_type": "Node2", "target_nodeId": "*qqkn", "tareget_type": "Node3", "relation": "HAS_RELATIONSHIP"}, {"source_nodeId": "fbr&%oa", "source_type": "Node1", "target_nodeId": "#o%#cgh", "tareget_type": "Node1", "relation": "HAS_RELATIONSHIP"}, {"source_nodeId": "^cd%a&%", "source_type": "Node1", "target_nodeId": "c#*hfg", "tareget_type": "Node3", "relation": "HAS_RELATIONSHIP"}, {"source_nodeId": "iootkof", "source_type": "Node2", "target_nodeId": "lqsk#", "tareget_type": "Node2", "relation": "HAS_RELATIONSHIP"}, {"source_nodeId": "ntarb#", "source_type": "Node1", "target_nodeId": "nf*sscb", "tareget_type": "Node2", "relation": "HAS_RELATIONSHIP"}, {"source_nodeId": "%$%pgq", "source_type": "Node3", "target_nodeId": "kkqc$", "tareget_type": "Node2", "relation": "HAS_RELATIONSHIP"}, {"source_nodeId": "t#orq", "source_type": "Node1", "target_nodeId": "rfbmjs", "tareget_type": "Node3", "relation": "HAS_RELATIONSHIP"}, {"source_nodeId": "*edpsa", "source_type": "Node1", "target_nodeId": "&llrij", "tareget_type": "Node2", "relation": "HAS_RELATIONSHIP"}, {"source_nodeId": "slhjsoq", "source_type": "Node2", "target_nodeId": "pptbhno", "tareget_type": "Node3", "relation": "HAS_RELATIONSHIP"}, {"source_nodeId": "t$nddbq", "source_type": "Node2", "target_nodeId": "er$ji@i", "tareget_type": "Node3", "relation": "HAS_RELATIONSHIP"}, {"source_nodeId": "c^kanjb", "source_type": "Node1", "target_nodeId": "j@t&@k", "tareget_type": "Node3", "relation": "HAS_RELATIONSHIP"}, {"source_nodeId": "^%a@s^j", "source_type": "Node2", "target_nodeId": "ncqqaf", "tareget_type": "Node3", "relation": "HAS_RELATIONSHIP"}, {"source_nodeId": "slhjsoq", "source_type": "Node2", "target_nodeId": "^kgqle&", "tareget_type": "Node2", "relation": "HAS_RELATIONSHIP"}, {"source_nodeId": "rigsko", "source_type": "Node3", "target_nodeId": "i^d@l*e", "tareget_type": "Node3", "relation": "HAS_RELATIONSHIP"}, {"source_nodeId": "lg$em$", "source_type": "Node1", "target_nodeId": "b&qjr", "tareget_type": "Node1", "relation": "HAS_RELATIONSHIP"}, {"source_nodeId": "%pbqo#", "source_type": "Node3", "target_nodeId": "o@dot", "tareget_type": "Node1", "relation": "HAS_RELATIONSHIP"}, {"source_nodeId": "m^lkoh", "source_type": "Node3", "target_nodeId": "fphpc", "tareget_type": "Node3", "relation": "HAS_RELATIONSHIP"}, {"source_nodeId": "qgj%st#", "source_type": "Node1", "target_nodeId": "*prijr", "tareget_type": "Node2", "relation": "HAS_RELATIONSHIP"}, {"source_nodeId": "trscg", "source_type": "Node3", "target_nodeId": "lj$s$r", "tareget_type": "Node2", "relation": "HAS_RELATIONSHIP"}, {"source_nodeId": "bb#i&t", "source_type": "Node2", "target_nodeId": "nrdik^", "tareget_type": "Node2", "relation": "HAS_RELATIONSHIP"}, {"source_nodeId": "hfbdq*", "source_type": "Node1", "target_nodeId": "#d#%l^i", "tareget_type": "Node1", "relation": "HAS_RELATIONSHIP"}, {"source_nodeId": "odem^^l", "source_type": "Node2", "target_nodeId": "pib^k%r", "tareget_type": "Node3", "relation": "HAS_RELATIONSHIP"}, {"source_nodeId": "iootkof", "source_type": "Node2", "target_nodeId": "liq$le", "tareget_type": "Node3", "relation": "HAS_RELATIONSHIP"}, {"source_nodeId": "mofc&t", "source_type": "Node2", "target_nodeId": "tkhsgp", "tareget_type": "Node2", "relation": "HAS_RELATIONSHIP"}, {"source_nodeId": "bpgijjj", "source_type": "Node1", "target_nodeId": "kb#q@ip", "tareget_type": "Node1", "relation": "HAS_RELATIONSHIP"}, {"source_nodeId": "gpa$g$^", "source_type": "Node2", "target_nodeId": "cfct&", "tareget_type": "Node1", "relation": "HAS_RELATIONSHIP"}, {"source_nodeId": "rjdmb", "source_type": "Node2", "target_nodeId": "anohns", "tareget_type": "Node2", "relation": "HAS_RELATIONSHIP"}, {"source_nodeId": "tpqn$@l", "source_type": "Node3", "target_nodeId": "jirhpp", "tareget_type": "Node1", "relation": "HAS_RELATIONSHIP"}, {"source_nodeId": "@le^qhd", "source_type": "Node2", "target_nodeId": "bb#i&t", "tareget_type": "Node2", "relation": "HAS_RELATIONSHIP"}, {"source_nodeId": "hoehsk", "source_type": "Node3", "target_nodeId": "ksbsbi", "tareget_type": "Node3", "relation": "HAS_RELATIONSHIP"}, {"source_nodeId": "p%cj*&", "source_type": "Node1", "target_nodeId": "rqisbp$", "tareget_type": "Node1", "relation": "HAS_RELATIONSHIP"}, {"source_nodeId": "htfs$sg", "source_type": "Node1", "target_nodeId": "@**mo", "tareget_type": "Node3", "relation": "HAS_RELATIONSHIP"}, {"source_nodeId": "rs^dsk@", "source_type": "Node3", "target_nodeId": "@^@n*j", "tareget_type": "Node1", "relation": "HAS_RELATIONSHIP"}, {"source_nodeId": "@de$gjg", "source_type": "Node2", "target_nodeId": "@bhi#mg", "tareget_type": "Node3", "relation": "HAS_RELATIONSHIP"}, {"source_nodeId": "bcjl&g#", "source_type": "Node2", "target_nodeId": "o&e%j", "tareget_type": "Node2", "relation": "HAS_RELATIONSHIP"}, {"source_nodeId": "j&ihfdq", "source_type": "Node1", "target_nodeId": "p^^id", "tareget_type": "Node3", "relation": "HAS_RELATIONSHIP"}, {"source_nodeId": "e*p&&a", "source_type": "Node1", "target_nodeId": "mk@i#&j", "tareget_type": "Node2", "relation": "HAS_RELATIONSHIP"}, {"source_nodeId": "djc$h$", "source_type": "Node2", "target_nodeId": "slhjsoq", "tareget_type": "Node2", "relation": "HAS_RELATIONSHIP"}, {"source_nodeId": "ntarb#", "source_type": "Node1", "target_nodeId": "pptbhno", "tareget_type": "Node3", "relation": "HAS_RELATIONSHIP"}, {"source_nodeId": "ff&io$", "source_type": "Node2", "target_nodeId": "%jk&%q", "tareget_type": "Node2", "relation": "HAS_RELATIONSHIP"}, {"source_nodeId": "otbeo%", "source_type": "Node2", "target_nodeId": "ijnkmfi", "tareget_type": "Node3", "relation": "HAS_RELATIONSHIP"}, {"source_nodeId": "cme^^h", "source_type": "Node1", "target_nodeId": "rjdmb", "tareget_type": "Node2", "relation": "HAS_RELATIONSHIP"}, {"source_nodeId": "t#orq", "source_type": "Node1", "target_nodeId": "@**mo", "tareget_type": "Node3", "relation": "HAS_RELATIONSHIP"}, {"source_nodeId": "@de$gjg", "source_type": "Node2", "target_nodeId": "%k#b%", "tareget_type": "Node2", "relation": "HAS_RELATIONSHIP"}, {"source_nodeId": "tcdlksn", "source_type": "Node1", "target_nodeId": "f*r@btd", "tareget_type": "Node1", "relation": "HAS_RELATIONSHIP"}, {"source_nodeId": "r&$ik", "source_type": "Node2", "target_nodeId": "dnehrb", "tareget_type": "Node2", "relation": "HAS_RELATIONSHIP"}, {"source_nodeId": "lbm&@", "source_type": "Node3", "target_nodeId": "kb#q@ip", "tareget_type": "Node1", "relation": "HAS_RELATIONSHIP"}, {"source_nodeId": "@le^qhd", "source_type": "Node2", "target_nodeId": "qhggq#b", "tareget_type": "Node3", "relation": "HAS_RELATIONSHIP"}, {"source_nodeId": "o@dot", "source_type": "Node1", "target_nodeId": "bhno#a", "tareget_type": "Node1", "relation": "HAS_RELATIONSHIP"}, {"source_nodeId": "tkhsgp", "source_type": "Node2", "target_nodeId": "ckg#nmq", "tareget_type": "Node3", "relation": "HAS_RELATIONSHIP"}, {"source_nodeId": "ljrpl", "source_type": "Node2", "target_nodeId": "*%&s&", "tareget_type": "Node3", "relation": "HAS_RELATIONSHIP"}, {"source_nodeId": "tcdlksn", "source_type": "Node1", "target_nodeId": "bb#i&t", "tareget_type": "Node2", "relation": "HAS_RELATIONSHIP"}, {"source_nodeId": "iai^&", "source_type": "Node3", "target_nodeId": "*edpsa", "tareget_type": "Node1", "relation": "HAS_RELATIONSHIP"}, {"source_nodeId": "d#btr", "source_type": "Node1", "target_nodeId": "*tm@gk", "tareget_type": "Node2", "relation": "HAS_RELATIONSHIP"}, {"source_nodeId": "t$nddbq", "source_type": "Node2", "target_nodeId": "sl^pep", "tareget_type": "Node2", "relation": "HAS_RELATIONSHIP"}, {"source_nodeId": "d#$df#e", "source_type": "Node2", "target_nodeId": "a^&qp", "tareget_type": "Node3", "relation": "HAS_RELATIONSHIP"}, {"source_nodeId": "ijnkmfi", "source_type": "Node3", "target_nodeId": "mk@i#&j", "tareget_type": "Node2", "relation": "HAS_RELATIONSHIP"}, {"source_nodeId": "ntarb#", "source_type": "Node1", "target_nodeId": "&c$hilq", "tareget_type": "Node2", "relation": "HAS_RELATIONSHIP"}, {"source_nodeId": "i@ls$b", "source_type": "Node2", "target_nodeId": "sk$#&t", "tareget_type": "Node2", "relation": "HAS_RELATIONSHIP"}, {"source_nodeId": "ntarb#", "source_type": "Node1", "target_nodeId": "rncgl", "tareget_type": "Node2", "relation": "HAS_RELATIONSHIP"}, {"source_nodeId": "#&pqk", "source_type": "Node2", "target_nodeId": "k^lsmqt", "tareget_type": "Node3", "relation": "HAS_RELATIONSHIP"}, {"source_nodeId": "ao%lsb", "source_type": "Node1", "target_nodeId": "ml%gm^", "tareget_type": "Node2", "relation": "HAS_RELATIONSHIP"}, {"source_nodeId": "m#bee", "source_type": "Node1", "target_nodeId": "hoehsk", "tareget_type": "Node3", "relation": "HAS_RELATIONSHIP"}]